-- MySQL Script generated by MySQL Workbench
-- 05/24/16 18:11:07
-- Model: New Model    Version: 1.0
-- MySQL Workbench Forward Engineering

SET @OLD_UNIQUE_CHECKS=@@UNIQUE_CHECKS, UNIQUE_CHECKS=0;
SET @OLD_FOREIGN_KEY_CHECKS=@@FOREIGN_KEY_CHECKS, FOREIGN_KEY_CHECKS=0;
SET @OLD_SQL_MODE=@@SQL_MODE, SQL_MODE='TRADITIONAL,ALLOW_INVALID_DATES';

-- -----------------------------------------------------
-- Schema Aerolinea
-- -----------------------------------------------------

-- -----------------------------------------------------
-- Schema Aerolinea
-- -----------------------------------------------------
CREATE SCHEMA IF NOT EXISTS `Aerolinea` DEFAULT CHARACTER SET utf8 ;
USE `Aerolinea` ;

-- -----------------------------------------------------
-- Table `Aerolinea`.`PAIS`
-- -----------------------------------------------------
DROP TABLE IF EXISTS `Aerolinea`.`PAIS` ;

CREATE TABLE IF NOT EXISTS `Aerolinea`.`PAIS` (
  `id_pais` INT NOT NULL AUTO_INCREMENT,
  `nombre` VARCHAR(45) NOT NULL,
  PRIMARY KEY (`id_pais`))
ENGINE = InnoDB;


-- -----------------------------------------------------
-- Table `Aerolinea`.`CIUDAD`
-- -----------------------------------------------------
DROP TABLE IF EXISTS `Aerolinea`.`CIUDAD` ;

CREATE TABLE IF NOT EXISTS `Aerolinea`.`CIUDAD` (
  `id_ciudad` INT NOT NULL AUTO_INCREMENT,
  `id_pais` INT NOT NULL,
  `nombre` VARCHAR(45) NOT NULL,
  PRIMARY KEY (`id_ciudad`),
  INDEX `pais_idx` (`id_pais` ASC),
  CONSTRAINT `fk_CIUDAD_PAIS1`
    FOREIGN KEY (`id_pais`)
    REFERENCES `Aerolinea`.`PAIS` (`id_pais`)
    ON DELETE NO ACTION
    ON UPDATE NO ACTION)
ENGINE = InnoDB;


-- -----------------------------------------------------
-- Table `Aerolinea`.`AEROPUERTO`
-- -----------------------------------------------------
DROP TABLE IF EXISTS `Aerolinea`.`AEROPUERTO` ;

CREATE TABLE IF NOT EXISTS `Aerolinea`.`AEROPUERTO` (
  `id_aeropuerto` INT NOT NULL AUTO_INCREMENT,
  `id_ciudad` INT NOT NULL,
  `nombre` VARCHAR(45) NOT NULL,
  `direccion` VARCHAR(45) NULL,
  `telefono` VARCHAR(45) NULL,
  `iata` VARCHAR(45) NULL,
  `oficina` VARCHAR(45) NULL,
  PRIMARY KEY (`id_aeropuerto`),
  INDEX `ciudad_idx` (`id_ciudad` ASC),
  CONSTRAINT `fk_AEROPUERTO_CIUDAD1`
    FOREIGN KEY (`id_ciudad`)
    REFERENCES `Aerolinea`.`CIUDAD` (`id_ciudad`)
    ON DELETE NO ACTION
    ON UPDATE NO ACTION)
ENGINE = InnoDB
COMMENT = '			';


-- -----------------------------------------------------
-- Table `Aerolinea`.`TIPODOCUMENTO`
-- -----------------------------------------------------
DROP TABLE IF EXISTS `Aerolinea`.`TIPODOCUMENTO` ;

CREATE TABLE IF NOT EXISTS `Aerolinea`.`TIPODOCUMENTO` (
  `id_tipodocumento` INT NOT NULL AUTO_INCREMENT,
  `id_pais` INT NULL,
  `nombre` VARCHAR(45) NOT NULL,
  PRIMARY KEY (`id_tipodocumento`),
  INDEX `fk_TIPODOCUMENTO_PAIS1_idx` (`id_pais` ASC),
  CONSTRAINT `fk_TIPODOCUMENTO_PAIS1`
    FOREIGN KEY (`id_pais`)
    REFERENCES `Aerolinea`.`PAIS` (`id_pais`)
    ON DELETE NO ACTION
    ON UPDATE NO ACTION)
ENGINE = InnoDB;


-- -----------------------------------------------------
-- Table `Aerolinea`.`CLIENTE`
-- -----------------------------------------------------
DROP TABLE IF EXISTS `Aerolinea`.`CLIENTE` ;

CREATE TABLE IF NOT EXISTS `Aerolinea`.`CLIENTE` (
  `id_cliente` INT NOT NULL AUTO_INCREMENT,
  `nombre` VARCHAR(45) NOT NULL,
  `documento` VARCHAR(45) NOT NULL,
  `tipodocumento` INT NOT NULL,
  `correo` VARCHAR(45) NOT NULL,
  PRIMARY KEY (`id_cliente`),
  INDEX `tipodocumento_idx` (`tipodocumento` ASC),
  UNIQUE INDEX `id_cliente_UNIQUE` (`id_cliente` ASC),
  UNIQUE INDEX `correo_UNIQUE` (`correo` ASC),
  CONSTRAINT `fk_CLIENTE_TIPODOCUMENTO1`
    FOREIGN KEY (`tipodocumento`)
    REFERENCES `Aerolinea`.`TIPODOCUMENTO` (`id_tipodocumento`)
    ON DELETE NO ACTION
    ON UPDATE NO ACTION)
ENGINE = InnoDB;


-- -----------------------------------------------------
-- Table `Aerolinea`.`ITINERARIO`
-- -----------------------------------------------------
DROP TABLE IF EXISTS `Aerolinea`.`ITINERARIO` ;

CREATE TABLE IF NOT EXISTS `Aerolinea`.`ITINERARIO` (
  `id_itinerario` INT NOT NULL AUTO_INCREMENT,
  `preciocompleto` DOUBLE NOT NULL,
  PRIMARY KEY (`id_itinerario`))
ENGINE = InnoDB;


-- -----------------------------------------------------
-- Table `Aerolinea`.`AVION`
-- -----------------------------------------------------
DROP TABLE IF EXISTS `Aerolinea`.`AVION` ;

CREATE TABLE IF NOT EXISTS `Aerolinea`.`AVION` (
  `id_avion` INT NOT NULL AUTO_INCREMENT,
  `nombre` VARCHAR(45) NULL,
  `capacidad` INT NOT NULL,
  `filas` INT NULL,
  `columnas` INT NULL,
  PRIMARY KEY (`id_avion`))
ENGINE = InnoDB;


-- -----------------------------------------------------
-- Table `Aerolinea`.`VUELO`
-- -----------------------------------------------------
DROP TABLE IF EXISTS `Aerolinea`.`VUELO` ;

CREATE TABLE IF NOT EXISTS `Aerolinea`.`VUELO` (
  `id_vuelo` INT NOT NULL AUTO_INCREMENT,
  `id_avion` INT NOT NULL,
  `id_itinerario` INT NOT NULL,
  `precio` DOUBLE NOT NULL,
  `desde` INT NOT NULL,
  `hasta` INT NOT NULL,
  `millas` DOUBLE NOT NULL,
  `salida` DATETIME NOT NULL,
  `llegada` DATETIME NOT NULL,
  PRIMARY KEY (`id_vuelo`),
  INDEX `itinerario_idx` (`id_itinerario` ASC),
  INDEX `fk_VUELO_AVION1_idx` (`id_avion` ASC),
  INDEX `fk_VUELO_AEROPUERTO1_idx` (`desde` ASC),
  INDEX `fk_VUELO_AEROPUERTO2_idx` (`hasta` ASC),
  CONSTRAINT `fk_VUELO_ITINERARIO1`
    FOREIGN KEY (`id_itinerario`)
    REFERENCES `Aerolinea`.`ITINERARIO` (`id_itinerario`)
    ON DELETE NO ACTION
    ON UPDATE NO ACTION,
  CONSTRAINT `fk_VUELO_AVION1`
    FOREIGN KEY (`id_avion`)
    REFERENCES `Aerolinea`.`AVION` (`id_avion`)
    ON DELETE NO ACTION
    ON UPDATE NO ACTION,
  CONSTRAINT `fk_VUELO_AEROPUERTO1`
    FOREIGN KEY (`desde`)
    REFERENCES `Aerolinea`.`AEROPUERTO` (`id_aeropuerto`)
    ON DELETE NO ACTION
    ON UPDATE NO ACTION,
  CONSTRAINT `fk_VUELO_AEROPUERTO2`
    FOREIGN KEY (`hasta`)
    REFERENCES `Aerolinea`.`AEROPUERTO` (`id_aeropuerto`)
    ON DELETE NO ACTION
    ON UPDATE NO ACTION)
ENGINE = InnoDB;


-- -----------------------------------------------------
-- Table `Aerolinea`.`PASAJE`
-- -----------------------------------------------------
DROP TABLE IF EXISTS `Aerolinea`.`PASAJE` ;

CREATE TABLE IF NOT EXISTS `Aerolinea`.`PASAJE` (
  `id_pasaje` INT NOT NULL AUTO_INCREMENT,
  `id_itinerario` INT NOT NULL,
  `id_cliente` INT NOT NULL,
  `pagado` TINYINT(1) NOT NULL,
  PRIMARY KEY (`id_pasaje`),
  INDEX `fk_PASAJE_ITINERARIO1_idx` (`id_itinerario` ASC),
  INDEX `fk_PASAJE_CLIENTE1_idx` (`id_cliente` ASC),
  CONSTRAINT `fk_PASAJE_ITINERARIO1`
    FOREIGN KEY (`id_itinerario`)
    REFERENCES `Aerolinea`.`ITINERARIO` (`id_itinerario`)
    ON DELETE NO ACTION
    ON UPDATE NO ACTION,
  CONSTRAINT `fk_PASAJE_CLIENTE1`
    FOREIGN KEY (`id_cliente`)
    REFERENCES `Aerolinea`.`CLIENTE` (`id_cliente`)
    ON DELETE NO ACTION
    ON UPDATE NO ACTION)
ENGINE = InnoDB;


-- -----------------------------------------------------
-- Table `Aerolinea`.`SOCIO`
-- -----------------------------------------------------
DROP TABLE IF EXISTS `Aerolinea`.`SOCIO` ;

CREATE TABLE IF NOT EXISTS `Aerolinea`.`SOCIO` (
  `id_socio` INT NOT NULL AUTO_INCREMENT,
  `id_cliente` INT NOT NULL,
  `usuario` VARCHAR(45) NOT NULL,
  `contrasena` VARCHAR(45) NOT NULL,
  `millas` DOUBLE ZEROFILL NULL,
  PRIMARY KEY (`id_socio`),
  UNIQUE INDEX `usuario_UNIQUE` (`usuario` ASC),
  UNIQUE INDEX `id_socio_UNIQUE` (`id_socio` ASC),
  UNIQUE INDEX `id_cliente_UNIQUE` (`id_cliente` ASC),
  CONSTRAINT `fk_SOCIO_CLIENTE1`
    FOREIGN KEY (`id_cliente`)
    REFERENCES `Aerolinea`.`CLIENTE` (`id_cliente`)
    ON DELETE NO ACTION
    ON UPDATE NO ACTION)
ENGINE = InnoDB;


-- -----------------------------------------------------
-- Table `Aerolinea`.`TIPOCLASE`
-- -----------------------------------------------------
DROP TABLE IF EXISTS `Aerolinea`.`TIPOCLASE` ;

CREATE TABLE IF NOT EXISTS `Aerolinea`.`TIPOCLASE` (
  `id_tipoclase` INT NOT NULL AUTO_INCREMENT,
  `nombre` VARCHAR(45) NOT NULL,
  `multiplicadorprecio` DOUBLE NOT NULL,
  PRIMARY KEY (`id_tipoclase`))
ENGINE = InnoDB;


-- -----------------------------------------------------
-- Table `Aerolinea`.`SILLA`
-- -----------------------------------------------------
DROP TABLE IF EXISTS `Aerolinea`.`SILLA` ;

CREATE TABLE IF NOT EXISTS `Aerolinea`.`SILLA` (
  `id_silla` INT NOT NULL AUTO_INCREMENT,
  `id_vuelo` INT NOT NULL,
  `id_pasaje` INT NULL,
  `id_tipoclase` INT NOT NULL,
  `fila` INT NULL,
  `columna` INT NULL,
  PRIMARY KEY (`id_silla`),
  INDEX `fk_SILLA_VUELO1_idx` (`id_vuelo` ASC),
  INDEX `fk_SILLA_CLIENTE1_idx` (`id_pasaje` ASC),
  INDEX `fk_SILLA_TIPOCLASE_idx` (`id_tipoclase` ASC),
  CONSTRAINT `fk_SILLA_VUELO1`
    FOREIGN KEY (`id_vuelo`)
    REFERENCES `Aerolinea`.`VUELO` (`id_vuelo`)
    ON DELETE NO ACTION
    ON UPDATE NO ACTION,
  CONSTRAINT `fk_SILLA_PASAJE1`
    FOREIGN KEY (`id_pasaje`)
    REFERENCES `Aerolinea`.`PASAJE` (`id_pasaje`)
    ON DELETE NO ACTION
    ON UPDATE NO ACTION,
  CONSTRAINT `fk_SILLA_TIPOCLASE`
    FOREIGN KEY (`id_tipoclase`)
    REFERENCES `Aerolinea`.`TIPOCLASE` (`id_tipoclase`)
    ON DELETE NO ACTION
    ON UPDATE NO ACTION)
ENGINE = InnoDB;


SET SQL_MODE=@OLD_SQL_MODE;
SET FOREIGN_KEY_CHECKS=@OLD_FOREIGN_KEY_CHECKS;
SET UNIQUE_CHECKS=@OLD_UNIQUE_CHECKS;

-- -----------------------------------------------------
-- Data for table `Aerolinea`.`PAIS`
-- -----------------------------------------------------
START TRANSACTION;
USE `Aerolinea`;
INSERT INTO `Aerolinea`.`PAIS` (`id_pais`, `nombre`) VALUES (1, 'Colombia');
INSERT INTO `Aerolinea`.`PAIS` (`id_pais`, `nombre`) VALUES (2, 'United States');

COMMIT;


-- -----------------------------------------------------
-- Data for table `Aerolinea`.`CIUDAD`
-- -----------------------------------------------------
START TRANSACTION;
USE `Aerolinea`;
INSERT INTO `Aerolinea`.`CIUDAD` (`id_ciudad`, `id_pais`, `nombre`) VALUES (1, 1, 'Bogota');
INSERT INTO `Aerolinea`.`CIUDAD` (`id_ciudad`, `id_pais`, `nombre`) VALUES (2, 1, 'Medellin');
INSERT INTO `Aerolinea`.`CIUDAD` (`id_ciudad`, `id_pais`, `nombre`) VALUES (3, 2, 'New York');

COMMIT;


-- -----------------------------------------------------
-- Data for table `Aerolinea`.`AEROPUERTO`
-- -----------------------------------------------------
START TRANSACTION;
USE `Aerolinea`;
INSERT INTO `Aerolinea`.`AEROPUERTO` (`id_aeropuerto`, `id_ciudad`, `nombre`, `direccion`, `telefono`, `iata`, `oficina`) VALUES (1, 1, 'El Dorado', 'cr 4545454', '1212455165', 'BOG', '101');
INSERT INTO `Aerolinea`.`AEROPUERTO` (`id_aeropuerto`, `id_ciudad`, `nombre`, `direccion`, `telefono`, `iata`, `oficina`) VALUES (2, 2, 'Olaya Herrera', 'cll 5656 8989', '15465898999', 'OLH', '500');
INSERT INTO `Aerolinea`.`AEROPUERTO` (`id_aeropuerto`, `id_ciudad`, `nombre`, `direccion`, `telefono`, `iata`, `oficina`) VALUES (3, 3, 'Jhon F. Kennedy', '458 Street', '98989898989', 'JFK', '520');

COMMIT;


-- -----------------------------------------------------
-- Data for table `Aerolinea`.`TIPODOCUMENTO`
-- -----------------------------------------------------
START TRANSACTION;
USE `Aerolinea`;
INSERT INTO `Aerolinea`.`TIPODOCUMENTO` (`id_tipodocumento`, `id_pais`, `nombre`) VALUES (1, 1, 'Cedula');
INSERT INTO `Aerolinea`.`TIPODOCUMENTO` (`id_tipodocumento`, `id_pais`, `nombre`) VALUES (2, 2, 'DNI');

COMMIT;


-- -----------------------------------------------------
-- Data for table `Aerolinea`.`CLIENTE`
-- -----------------------------------------------------
START TRANSACTION;
USE `Aerolinea`;
INSERT INTO `Aerolinea`.`CLIENTE` (`id_cliente`, `nombre`, `documento`, `tipodocumento`, `correo`) VALUES (1, 'Ente Del Socorro', '1025688556', 1, 'correo@correo.com');
INSERT INTO `Aerolinea`.`CLIENTE` (`id_cliente`, `nombre`, `documento`, `tipodocumento`, `correo`) VALUES (2, 'Tiago', '1665699988', 1, 'correo2@algo.com');
INSERT INTO `Aerolinea`.`CLIENTE` (`id_cliente`, `nombre`, `documento`, `tipodocumento`, `correo`) VALUES (3, 'Mr. McBuildCraft', '9998755510', 2, 'mrmcbc@op.com');

COMMIT;


-- -----------------------------------------------------
-- Data for table `Aerolinea`.`ITINERARIO`
-- -----------------------------------------------------
START TRANSACTION;
USE `Aerolinea`;
INSERT INTO `Aerolinea`.`ITINERARIO` (`id_itinerario`, `preciocompleto`) VALUES (1, 5000000);
INSERT INTO `Aerolinea`.`ITINERARIO` (`id_itinerario`, `preciocompleto`) VALUES (2, 400500);
INSERT INTO `Aerolinea`.`ITINERARIO` (`id_itinerario`, `preciocompleto`) VALUES (3, 605000);
INSERT INTO `Aerolinea`.`ITINERARIO` (`id_itinerario`, `preciocompleto`) VALUES (4, 615000);
INSERT INTO `Aerolinea`.`ITINERARIO` (`id_itinerario`, `preciocompleto`) VALUES (5, 415000);
INSERT INTO `Aerolinea`.`ITINERARIO` (`id_itinerario`, `preciocompleto`) VALUES (6, 515000);
INSERT INTO `Aerolinea`.`ITINERARIO` (`id_itinerario`, `preciocompleto`) VALUES (7, 435000);
INSERT INTO `Aerolinea`.`ITINERARIO` (`id_itinerario`, `preciocompleto`) VALUES (8, 255000);
INSERT INTO `Aerolinea`.`ITINERARIO` (`id_itinerario`, `preciocompleto`) VALUES (9, 345000);
INSERT INTO `Aerolinea`.`ITINERARIO` (`id_itinerario`, `preciocompleto`) VALUES (10, 415000);
COMMIT;


-- -----------------------------------------------------
-- Data for table `Aerolinea`.`AVION`
-- -----------------------------------------------------
START TRANSACTION;
USE `Aerolinea`;
INSERT INTO `Aerolinea`.`AVION` (`id_avion`, `nombre`, `capacidad`, `filas`, `columnas`) VALUES (1, 'HTC-5220', 300, 30, 10);
INSERT INTO `Aerolinea`.`AVION` (`id_avion`, `nombre`, `capacidad`, `filas`, `columnas`) VALUES (2, 'JKH-201', 10, 5, 2);
INSERT INTO `Aerolinea`.`AVION` (`id_avion`, `nombre`, `capacidad`, `filas`, `columnas`) VALUES (3, 'Premium PTC-9875', 200, 20, 10);

COMMIT;


-- -----------------------------------------------------
-- Data for table `Aerolinea`.`VUELO`
-- -----------------------------------------------------
START TRANSACTION;
USE `Aerolinea`;
INSERT INTO `Aerolinea`.`VUELO` (`id_vuelo`, `id_avion`, `id_itinerario`, `precio`, `desde`, `hasta`, `millas`, `salida`, `llegada`) VALUES (1, 1, 1, 800000, 1, 2, 50, '2016-06-25 15:20:00', '2016-06-26 10:20:00');
INSERT INTO `Aerolinea`.`VUELO` (`id_vuelo`, `id_avion`, `id_itinerario`, `precio`, `desde`, `hasta`, `millas`, `salida`, `llegada`) VALUES (2, 2, 1, 700000, 2, 3, 180, '2016-06-27 08:00:00', '2016-06-27 23:40:00');
INSERT INTO `Aerolinea`.`VUELO` (`id_vuelo`, `id_avion`, `id_itinerario`, `precio`, `desde`, `hasta`, `millas`, `salida`, `llegada`) VALUES (3, 3, 2, 400000, 3, 1, 200, '2016-07-02 15:20:00', '2016-07-3 10:20:00');
INSERT INTO `Aerolinea`.`VUELO` (`id_vuelo`, `id_avion`, `id_itinerario`, `precio`, `desde`, `hasta`, `millas`, `salida`, `llegada`) VALUES (4, 1, 3, 600000, 2, 1, 50, '2016-07-04 15:20:00', '2016-07-04 19:20:00');
INSERT INTO `Aerolinea`.`VUELO` (`id_vuelo`, `id_avion`, `id_itinerario`, `precio`, `desde`, `hasta`, `millas`, `salida`, `llegada`) VALUES (5, 2, 9, 300000, 3, 2, 20, '2016-09-25 08:20:00', '2016-09-25 13:20:00');
INSERT INTO `Aerolinea`.`VUELO` (`id_vuelo`, `id_avion`, `id_itinerario`, `precio`, `desde`, `hasta`, `millas`, `salida`, `llegada`) VALUES (6, 3, 5, 310000, 3, 1, 32, '2016-09-25 05:40:00', '2016-09-25 12:00:00');
INSERT INTO `Aerolinea`.`VUELO` (`id_vuelo`, `id_avion`, `id_itinerario`, `precio`, `desde`, `hasta`, `millas`, `salida`, `llegada`) VALUES (7, 1, 4, 280000, 2, 1, 28, '2016-12-25 06:40:00', '2016-12-25 07:30:00');
INSERT INTO `Aerolinea`.`VUELO` (`id_vuelo`, `id_avion`, `id_itinerario`, `precio`, `desde`, `hasta`, `millas`, `salida`, `llegada`) VALUES (8, 2, 4, 210000, 1, 3, 40, '2016-12-25 08:00:00', '2016-12-25 12:00:00');
INSERT INTO `Aerolinea`.`VUELO` (`id_vuelo`, `id_avion`, `id_itinerario`, `precio`, `desde`, `hasta`, `millas`, `salida`, `llegada`) VALUES (9, 2, 8, 270000, 1, 3, 40, '2016-12-29 05:40:00', '2016-12-29 07:40:00');
COMMIT;


-- -----------------------------------------------------
-- Data for table `Aerolinea`.`PASAJE`
-- -----------------------------------------------------
START TRANSACTION;
USE `Aerolinea`;
INSERT INTO `Aerolinea`.`PASAJE` (`id_pasaje`, `id_itinerario`, `id_cliente`, `pagado`) VALUES (1, 1, 1, 1);

COMMIT;


-- -----------------------------------------------------
-- Data for table `Aerolinea`.`SOCIO`
-- -----------------------------------------------------
START TRANSACTION;
USE `Aerolinea`;
INSERT INTO `Aerolinea`.`SOCIO` (`id_socio`, `id_cliente`, `usuario`, `contrasena`, `millas`) VALUES (1, 3, 'mc', 'asd456asd', 0);

COMMIT;


-- -----------------------------------------------------
-- Data for table `Aerolinea`.`TIPOCLASE`
-- -----------------------------------------------------
START TRANSACTION;
USE `Aerolinea`;
INSERT INTO `Aerolinea`.`TIPOCLASE` (`id_tipoclase`, `nombre`, `multiplicadorprecio`) VALUES (1, 'Turista', 1);
INSERT INTO `Aerolinea`.`TIPOCLASE` (`id_tipoclase`, `nombre`, `multiplicadorprecio`) VALUES (2, 'Ejecutiva', 1.5);
INSERT INTO `Aerolinea`.`TIPOCLASE` (`id_tipoclase`, `nombre`, `multiplicadorprecio`) VALUES (3, 'Especial', 0.78);

COMMIT;


-- -----------------------------------------------------
-- Data for table `Aerolinea`.`SILLA`
-- -----------------------------------------------------
START TRANSACTION;
USE `Aerolinea`;
INSERT INTO `Aerolinea`.`SILLA` (`id_silla`, `id_vuelo`, `id_pasaje`, `id_tipoclase`, `fila`, `columna`) VALUES (1, 1, NULL, 1, 1, 1),(2, 1, NULL, 1, 2, 1),(3, 1, 1, 1, 3, 1),(4, 1, NULL, 1, 4, 1),(5, 1, NULL, 1, 5, 1),(6, 1, NULL, 1, 6, 1),(7, 1, NULL, 1, 7, 1),(8, 1, NULL, 1, 8, 1),(9, 1, NULL, 1, 9, 1),(10, 1, NULL, 1, 10, 1),(11, 1, NULL, 1, 11, 1),(12, 1, NULL, 1, 12, 1),(13, 1, NULL, 1, 13, 1),(14, 1, NULL, 1, 14, 1),(15, 1, NULL, 1, 15, 1),(16, 1, NULL, 1, 16, 1),(17, 1, NULL, 1, 17, 1),(18, 1, NULL, 1, 18, 1),(19, 1, NULL, 1, 19, 1),(20, 1, NULL, 1, 20, 1),(21, 1, NULL, 1, 21, 1),(22, 1, NULL, 1, 22, 1),(23, 1, NULL, 1, 23, 1),(24, 1, NULL, 1, 24, 1),(25, 1, NULL, 1, 25, 1),(26, 1, NULL, 1, 26, 1),(27, 1, NULL, 1, 27, 1),(28, 1, NULL, 1, 28, 1),(29, 1, NULL, 1, 29, 1),(30, 1, NULL, 1, 30, 1),(31, 1, NULL, 1, 1, 2),(32, 1, NULL, 1, 2, 2),(33, 1, NULL, 1, 3, 2),(34, 1, NULL, 1, 4, 2),(35, 1, NULL, 1, 5, 2),(36, 1, NULL, 1, 6, 2),(37, 1, NULL, 1, 7, 2),(38, 1, NULL, 1, 8, 2),(39, 1, NULL, 1, 9, 2),(40, 1, NULL, 1, 10, 2),(41, 1, NULL, 1, 11, 2),(42, 1, NULL, 1, 12, 2),(43, 1, NULL, 1, 13, 2),(44, 1, NULL, 1, 14, 2),(45, 1, NULL, 1, 15, 2),(46, 1, NULL, 1, 16, 2),(47, 1, NULL, 1, 17, 2),(48, 1, NULL, 1, 18, 2),(49, 1, NULL, 1, 19, 2),(50, 1, NULL, 1, 20, 2),(51, 1, NULL, 1, 21, 2),(52, 1, NULL, 1, 22, 2),(53, 1, NULL, 1, 23, 2),(54, 1, NULL, 1, 24, 2),(55, 1, NULL, 1, 25, 2),(56, 1, NULL, 1, 26, 2),(57, 1, NULL, 1, 27, 2),(58, 1, NULL, 1, 28, 2),(59, 1, NULL, 1, 29, 2),(60, 1, NULL, 1, 30, 2),(61, 1, NULL, 1, 1, 3),(62, 1, NULL, 1, 2, 3),(63, 1, NULL, 1, 3, 3),(64, 1, NULL, 1, 4, 3),(65, 1, NULL, 1, 5, 3),(66, 1, NULL, 1, 6, 3),(67, 1, NULL, 1, 7, 3),(68, 1, NULL, 1, 8, 3),(69, 1, NULL, 1, 9, 3),(70, 1, NULL, 1, 10, 3),(71, 1, NULL, 1, 11, 3),(72, 1, NULL, 1, 12, 3),(73, 1, NULL, 1, 13, 3),(74, 1, NULL, 1, 14, 3),(75, 1, NULL, 1, 15, 3),(76, 1, NULL, 1, 16, 3),(77, 1, NULL, 1, 17, 3),(78, 1, NULL, 1, 18, 3),(79, 1, NULL, 1, 19, 3),(80, 1, NULL, 1, 20, 3),(81, 1, NULL, 1, 21, 3),(82, 1, NULL, 1, 22, 3),(83, 1, NULL, 1, 23, 3),(84, 1, NULL, 1, 24, 3),(85, 1, NULL, 1, 25, 3),(86, 1, NULL, 1, 26, 3),(87, 1, NULL, 1, 27, 3),(88, 1, NULL, 1, 28, 3),(89, 1, NULL, 1, 29, 3),(90, 1, NULL, 1, 30, 3),(91, 1, NULL, 1, 1, 4),(92, 1, NULL, 1, 2, 4),(93, 1, NULL, 1, 3, 4),(94, 1, NULL, 1, 4, 4),(95, 1, NULL, 1, 5, 4),(96, 1, NULL, 1, 6, 4),(97, 1, NULL, 1, 7, 4),(98, 1, NULL, 1, 8, 4),(99, 1, NULL, 1, 9, 4),(100, 1, NULL, 1, 10, 4),(101, 1, NULL, 1, 11, 4),(102, 1, NULL, 1, 12, 4),(103, 1, NULL, 1, 13, 4),(104, 1, NULL, 1, 14, 4),(105, 1, NULL, 1, 15, 4),(106, 1, NULL, 1, 16, 4),(107, 1, NULL, 1, 17, 4),(108, 1, NULL, 1, 18, 4),(109, 1, NULL, 1, 19, 4),(110, 1, NULL, 1, 20, 4),(111, 1, NULL, 1, 21, 4),(112, 1, NULL, 1, 22, 4),(113, 1, NULL, 1, 23, 4),(114, 1, NULL, 1, 24, 4),(115, 1, NULL, 1, 25, 4),(116, 1, NULL, 1, 26, 4),(117, 1, NULL, 1, 27, 4),(118, 1, NULL, 1, 28, 4),(119, 1, NULL, 1, 29, 4),(120, 1, NULL, 1, 30, 4),(121, 1, NULL, 1, 1, 5),(122, 1, NULL, 1, 2, 5),(123, 1, NULL, 1, 3, 5),(124, 1, NULL, 1, 4, 5),(125, 1, NULL, 1, 5, 5),(126, 1, NULL, 1, 6, 5),(127, 1, NULL, 1, 7, 5),(128, 1, NULL, 1, 8, 5),(129, 1, NULL, 1, 9, 5),(130, 1, NULL, 1, 10, 5),(131, 1, NULL, 1, 11, 5),(132, 1, NULL, 1, 12, 5),(133, 1, NULL, 1, 13, 5),(134, 1, NULL, 1, 14, 5),(135, 1, NULL, 1, 15, 5),(136, 1, NULL, 1, 16, 5),(137, 1, NULL, 1, 17, 5),(138, 1, NULL, 1, 18, 5),(139, 1, NULL, 1, 19, 5),(140, 1, NULL, 1, 20, 5),(141, 1, NULL, 1, 21, 5),(142, 1, NULL, 1, 22, 5),(143, 1, NULL, 1, 23, 5),(144, 1, NULL, 1, 24, 5),(145, 1, NULL, 1, 25, 5),(146, 1, NULL, 1, 26, 5),(147, 1, NULL, 1, 27, 5),(148, 1, NULL, 1, 28, 5),(149, 1, NULL, 1, 29, 5),(150, 1, NULL, 1, 30, 5),(151, 1, NULL, 1, 1, 6),(152, 1, NULL, 1, 2, 6),(153, 1, NULL, 1, 3, 6),(154, 1, NULL, 1, 4, 6),(155, 1, NULL, 1, 5, 6),(156, 1, NULL, 1, 6, 6),(157, 1, NULL, 1, 7, 6),(158, 1, NULL, 1, 8, 6),(159, 1, NULL, 1, 9, 6),(160, 1, NULL, 1, 10, 6),(161, 1, NULL, 1, 11, 6),(162, 1, NULL, 1, 12, 6),(163, 1, NULL, 1, 13, 6),(164, 1, NULL, 1, 14, 6),(165, 1, NULL, 1, 15, 6),(166, 1, NULL, 1, 16, 6),(167, 1, NULL, 1, 17, 6),(168, 1, NULL, 1, 18, 6),(169, 1, NULL, 1, 19, 6),(170, 1, NULL, 1, 20, 6),(171, 1, NULL, 1, 21, 6),(172, 1, NULL, 1, 22, 6),(173, 1, NULL, 1, 23, 6),(174, 1, NULL, 1, 24, 6),(175, 1, NULL, 1, 25, 6),(176, 1, NULL, 1, 26, 6),(177, 1, NULL, 1, 27, 6),(178, 1, NULL, 1, 28, 6),(179, 1, NULL, 1, 29, 6),(180, 1, NULL, 1, 30, 6),(181, 1, NULL, 1, 1, 7),(182, 1, NULL, 1, 2, 7),(183, 1, NULL, 1, 3, 7),(184, 1, NULL, 1, 4, 7),(185, 1, NULL, 1, 5, 7),(186, 1, NULL, 1, 6, 7),(187, 1, NULL, 1, 7, 7),(188, 1, NULL, 1, 8, 7),(189, 1, NULL, 1, 9, 7),(190, 1, NULL, 1, 10, 7),(191, 1, NULL, 1, 11, 7),(192, 1, NULL, 1, 12, 7),(193, 1, NULL, 1, 13, 7),(194, 1, NULL, 1, 14, 7),(195, 1, NULL, 1, 15, 7),(196, 1, NULL, 1, 16, 7),(197, 1, NULL, 1, 17, 7),(198, 1, NULL, 1, 18, 7),(199, 1, NULL, 1, 19, 7),(200, 1, NULL, 1, 20, 7),(201, 1, NULL, 1, 21, 7),(202, 1, NULL, 1, 22, 7),(203, 1, NULL, 1, 23, 7),(204, 1, NULL, 1, 24, 7),(205, 1, NULL, 1, 25, 7),(206, 1, NULL, 1, 26, 7),(207, 1, NULL, 1, 27, 7),(208, 1, NULL, 1, 28, 7),(209, 1, NULL, 1, 29, 7),(210, 1, NULL, 1, 30, 7),(211, 1, NULL, 1, 1, 8),(212, 1, NULL, 1, 2, 8),(213, 1, NULL, 1, 3, 8),(214, 1, NULL, 1, 4, 8),(215, 1, NULL, 1, 5, 8),(216, 1, NULL, 1, 6, 8),(217, 1, NULL, 1, 7, 8),(218, 1, NULL, 1, 8, 8),(219, 1, NULL, 1, 9, 8),(220, 1, NULL, 1, 10, 8),(221, 1, NULL, 1, 11, 8),(222, 1, NULL, 1, 12, 8),(223, 1, NULL, 1, 13, 8),(224, 1, NULL, 1, 14, 8),(225, 1, NULL, 1, 15, 8),(226, 1, NULL, 1, 16, 8),(227, 1, NULL, 1, 17, 8),(228, 1, NULL, 1, 18, 8),(229, 1, NULL, 1, 19, 8),(230, 1, NULL, 1, 20, 8),(231, 1, NULL, 1, 21, 8),(232, 1, NULL, 1, 22, 8),(233, 1, NULL, 1, 23, 8),(234, 1, NULL, 1, 24, 8),(235, 1, NULL, 1, 25, 8),(236, 1, NULL, 1, 26, 8),(237, 1, NULL, 1, 27, 8),(238, 1, NULL, 1, 28, 8),(239, 1, NULL, 1, 29, 8),(240, 1, NULL, 1, 30, 8),(241, 1, NULL, 1, 1, 9),(242, 1, NULL, 1, 2, 9),(243, 1, NULL, 1, 3, 9),(244, 1, NULL, 1, 4, 9),(245, 1, NULL, 1, 5, 9),(246, 1, NULL, 1, 6, 9),(247, 1, NULL, 1, 7, 9),(248, 1, NULL, 1, 8, 9),(249, 1, NULL, 1, 9, 9),(250, 1, NULL, 1, 10, 9),(251, 1, NULL, 1, 11, 9),(252, 1, NULL, 1, 12, 9),(253, 1, NULL, 1, 13, 9),(254, 1, NULL, 1, 14, 9),(255, 1, NULL, 1, 15, 9),(256, 1, NULL, 1, 16, 9),(257, 1, NULL, 1, 17, 9),(258, 1, NULL, 1, 18, 9),(259, 1, NULL, 1, 19, 9),(260, 1, NULL, 1, 20, 9),(261, 1, NULL, 1, 21, 9),(262, 1, NULL, 1, 22, 9),(263, 1, NULL, 1, 23, 9),(264, 1, NULL, 1, 24, 9),(265, 1, NULL, 1, 25, 9),(266, 1, NULL, 1, 26, 9),(267, 1, NULL, 1, 27, 9),(268, 1, NULL, 1, 28, 9),(269, 1, NULL, 1, 29, 9),(270, 1, NULL, 1, 30, 9),(271, 1, NULL, 1, 1, 10),(272, 1, NULL, 1, 2, 10),(273, 1, NULL, 1, 3, 10),(274, 1, NULL, 1, 4, 10),(275, 1, NULL, 1, 5, 10),(276, 1, NULL, 1, 6, 10),(277, 1, NULL, 1, 7, 10),(278, 1, NULL, 1, 8, 10),(279, 1, NULL, 1, 9, 10),(280, 1, NULL, 1, 10, 10),(281, 1, NULL, 1, 11, 10),(282, 1, NULL, 1, 12, 10),(283, 1, NULL, 1, 13, 10),(284, 1, NULL, 1, 14, 10),(285, 1, NULL, 1, 15, 10),(286, 1, NULL, 1, 16, 10),(287, 1, NULL, 1, 17, 10),(288, 1, NULL, 1, 18, 10),(289, 1, NULL, 1, 19, 10),(290, 1, NULL, 1, 20, 10),(291, 1, NULL, 1, 21, 10),(292, 1, NULL, 1, 22, 10),(293, 1, NULL, 1, 23, 10),(294, 1, NULL, 1, 24, 10),(295, 1, NULL, 1, 25, 10),(296, 1, NULL, 1, 26, 10),(297, 1, NULL, 1, 27, 10),(298, 1, NULL, 1, 28, 10),(299, 1, NULL, 1, 29, 10),(300, 1, NULL, 1, 30, 10);
INSERT INTO `Aerolinea`.`SILLA` (`id_silla`, `id_vuelo`, `id_pasaje`, `id_tipoclase`, `fila`, `columna`) VALUES (301, 2, NULL, 1, 1, 1),(302, 2, NULL, 1, 2, 1),(303, 2, NULL, 1, 3, 1),(304, 2, NULL, 1, 4, 1),(305, 2, NULL, 1, 5, 1),(306, 2, NULL, 1, 1, 2),(307, 2, NULL, 1, 2, 2),(308, 2, NULL, 1, 3, 2),(309, 2, NULL, 1, 4, 2),(310, 2, NULL, 1, 5, 2);
INSERT INTO `Aerolinea`.`SILLA` (`id_silla`, `id_vuelo`, `id_pasaje`, `id_tipoclase`, `fila`, `columna`) VALUES (311, 3, NULL, 1, 1, 1),(312, 3, NULL, 1, 2, 1),(313, 3, NULL, 1, 3, 1),(314, 3, NULL, 1, 4, 1),(315, 3, NULL, 1, 5, 1),(316, 3, NULL, 1, 6, 1),(317, 3, NULL, 1, 7, 1),(318, 3, NULL, 1, 8, 1),(319, 3, NULL, 1, 9, 1),(320, 3, NULL, 1, 10, 1),(321, 3, NULL, 1, 11, 1),(322, 3, NULL, 1, 12, 1),(323, 3, NULL, 1, 13, 1),(324, 3, NULL, 1, 14, 1),(325, 3, NULL, 1, 15, 1),(326, 3, NULL, 1, 16, 1),(327, 3, NULL, 1, 17, 1),(328, 3, NULL, 1, 18, 1),(329, 3, NULL, 1, 19, 1),(330, 3, NULL, 1, 20, 1),(331, 3, NULL, 1, 1, 2),(332, 3, NULL, 1, 2, 2),(333, 3, NULL, 1, 3, 2),(334, 3, NULL, 1, 4, 2),(335, 3, NULL, 1, 5, 2),(336, 3, NULL, 1, 6, 2),(337, 3, NULL, 1, 7, 2),(338, 3, NULL, 1, 8, 2),(339, 3, NULL, 1, 9, 2),(340, 3, NULL, 1, 10, 2),(341, 3, NULL, 1, 11, 2),(342, 3, NULL, 1, 12, 2),(343, 3, NULL, 1, 13, 2),(344, 3, NULL, 1, 14, 2),(345, 3, NULL, 1, 15, 2),(346, 3, NULL, 1, 16, 2),(347, 3, NULL, 1, 17, 2),(348, 3, NULL, 1, 18, 2),(349, 3, NULL, 1, 19, 2),(350, 3, NULL, 1, 20, 2),(351, 3, NULL, 1, 1, 3),(352, 3, NULL, 1, 2, 3),(353, 3, NULL, 1, 3, 3),(354, 3, NULL, 1, 4, 3),(355, 3, NULL, 1, 5, 3),(356, 3, NULL, 1, 6, 3),(357, 3, NULL, 1, 7, 3),(358, 3, NULL, 1, 8, 3),(359, 3, NULL, 1, 9, 3),(360, 3, NULL, 1, 10, 3),(361, 3, NULL, 1, 11, 3),(362, 3, NULL, 1, 12, 3),(363, 3, NULL, 1, 13, 3),(364, 3, NULL, 1, 14, 3),(365, 3, NULL, 1, 15, 3),(366, 3, NULL, 1, 16, 3),(367, 3, NULL, 1, 17, 3),(368, 3, NULL, 1, 18, 3),(369, 3, NULL, 1, 19, 3),(370, 3, NULL, 1, 20, 3),(371, 3, NULL, 1, 1, 4),(372, 3, NULL, 1, 2, 4),(373, 3, NULL, 1, 3, 4),(374, 3, NULL, 1, 4, 4),(375, 3, NULL, 1, 5, 4),(376, 3, NULL, 1, 6, 4),(377, 3, NULL, 1, 7, 4),(378, 3, NULL, 1, 8, 4),(379, 3, NULL, 1, 9, 4),(380, 3, NULL, 1, 10, 4),(381, 3, NULL, 1, 11, 4),(382, 3, NULL, 1, 12, 4),(383, 3, NULL, 1, 13, 4),(384, 3, NULL, 1, 14, 4),(385, 3, NULL, 1, 15, 4),(386, 3, NULL, 1, 16, 4),(387, 3, NULL, 1, 17, 4),(388, 3, NULL, 1, 18, 4),(389, 3, NULL, 1, 19, 4),(390, 3, NULL, 1, 20, 4),(391, 3, NULL, 1, 1, 5),(392, 3, NULL, 1, 2, 5),(393, 3, NULL, 1, 3, 5),(394, 3, NULL, 1, 4, 5),(395, 3, NULL, 1, 5, 5),(396, 3, NULL, 1, 6, 5),(397, 3, NULL, 1, 7, 5),(398, 3, NULL, 1, 8, 5),(399, 3, NULL, 1, 9, 5),(400, 3, NULL, 1, 10, 5),(401, 3, NULL, 1, 11, 5),(402, 3, NULL, 1, 12, 5),(403, 3, NULL, 1, 13, 5),(404, 3, NULL, 1, 14, 5),(405, 3, NULL, 1, 15, 5),(406, 3, NULL, 1, 16, 5),(407, 3, NULL, 1, 17, 5),(408, 3, NULL, 1, 18, 5),(409, 3, NULL, 1, 19, 5),(410, 3, NULL, 1, 20, 5),(411, 3, NULL, 1, 1, 6),(412, 3, NULL, 1, 2, 6),(413, 3, NULL, 1, 3, 6),(414, 3, NULL, 1, 4, 6),(415, 3, NULL, 1, 5, 6),(416, 3, NULL, 1, 6, 6),(417, 3, NULL, 1, 7, 6),(418, 3, NULL, 1, 8, 6),(419, 3, NULL, 1, 9, 6),(420, 3, NULL, 1, 10, 6),(421, 3, NULL, 1, 11, 6),(422, 3, NULL, 1, 12, 6),(423, 3, NULL, 1, 13, 6),(424, 3, NULL, 1, 14, 6),(425, 3, NULL, 1, 15, 6),(426, 3, NULL, 1, 16, 6),(427, 3, NULL, 1, 17, 6),(428, 3, NULL, 1, 18, 6),(429, 3, NULL, 1, 19, 6),(430, 3, NULL, 1, 20, 6),(431, 3, NULL, 1, 1, 7),(432, 3, NULL, 1, 2, 7),(433, 3, NULL, 1, 3, 7),(434, 3, NULL, 1, 4, 7),(435, 3, NULL, 1, 5, 7),(436, 3, NULL, 1, 6, 7),(437, 3, NULL, 1, 7, 7),(438, 3, NULL, 1, 8, 7),(439, 3, NULL, 1, 9, 7),(440, 3, NULL, 1, 10, 7),(441, 3, NULL, 1, 11, 7),(442, 3, NULL, 1, 12, 7),(443, 3, NULL, 1, 13, 7),(444, 3, NULL, 1, 14, 7),(445, 3, NULL, 1, 15, 7),(446, 3, NULL, 1, 16, 7),(447, 3, NULL, 1, 17, 7),(448, 3, NULL, 1, 18, 7),(449, 3, NULL, 1, 19, 7),(450, 3, NULL, 1, 20, 7),(451, 3, NULL, 1, 1, 8),(452, 3, NULL, 1, 2, 8),(453, 3, NULL, 1, 3, 8),(454, 3, NULL, 1, 4, 8),(455, 3, NULL, 1, 5, 8),(456, 3, NULL, 1, 6, 8),(457, 3, NULL, 1, 7, 8),(458, 3, NULL, 1, 8, 8),(459, 3, NULL, 1, 9, 8),(460, 3, NULL, 1, 10, 8),(461, 3, NULL, 1, 11, 8),(462, 3, NULL, 1, 12, 8),(463, 3, NULL, 1, 13, 8),(464, 3, NULL, 1, 14, 8),(465, 3, NULL, 1, 15, 8),(466, 3, NULL, 1, 16, 8),(467, 3, NULL, 1, 17, 8),(468, 3, NULL, 1, 18, 8),(469, 3, NULL, 1, 19, 8),(470, 3, NULL, 1, 20, 8),(471, 3, NULL, 1, 1, 9),(472, 3, NULL, 1, 2, 9),(473, 3, NULL, 1, 3, 9),(474, 3, NULL, 1, 4, 9),(475, 3, NULL, 1, 5, 9),(476, 3, NULL, 1, 6, 9),(477, 3, NULL, 1, 7, 9),(478, 3, NULL, 1, 8, 9),(479, 3, NULL, 1, 9, 9),(480, 3, NULL, 1, 10, 9),(481, 3, NULL, 1, 11, 9),(482, 3, NULL, 1, 12, 9),(483, 3, NULL, 1, 13, 9),(484, 3, NULL, 1, 14, 9),(485, 3, NULL, 1, 15, 9),(486, 3, NULL, 1, 16, 9),(487, 3, NULL, 1, 17, 9),(488, 3, NULL, 1, 18, 9),(489, 3, NULL, 1, 19, 9),(490, 3, NULL, 1, 20, 9),(491, 3, NULL, 1, 1, 10),(492, 3, NULL, 1, 2, 10),(493, 3, NULL, 1, 3, 10),(494, 3, NULL, 1, 4, 10),(495, 3, NULL, 1, 5, 10),(496, 3, NULL, 1, 6, 10),(497, 3, NULL, 1, 7, 10),(498, 3, NULL, 1, 8, 10),(499, 3, NULL, 1, 9, 10),(500, 3, NULL, 1, 10, 10),(501, 3, NULL, 1, 11, 10),(502, 3, NULL, 1, 12, 10),(503, 3, NULL, 1, 13, 10),(504, 3, NULL, 1, 14, 10),(505, 3, NULL, 1, 15, 10),(506, 3, NULL, 1, 16, 10),(507, 3, NULL, 1, 17, 10),(508, 3, NULL, 1, 18, 10),(509, 3, NULL, 1, 19, 10),(510, 3, NULL, 1, 20, 10);
INSERT INTO `Aerolinea`.`SILLA` (`id_silla`, `id_vuelo`, `id_pasaje`, `id_tipoclase`, `fila`, `columna`) VALUES (511, 4, NULL, 1, 1, 1),(512, 4, NULL, 1, 2, 1),(513, 4, NULL, 1, 3, 1),(514, 4, NULL, 1, 4, 1),(515, 4, NULL, 1, 5, 1),(516, 4, NULL, 1, 6, 1),(517, 4, NULL, 1, 7, 1),(518, 4, NULL, 1, 8, 1),(519, 4, NULL, 1, 9, 1),(520, 4, NULL, 1, 10, 1),(521, 4, NULL, 1, 11, 1),(522, 4, NULL, 1, 12, 1),(523, 4, NULL, 1, 13, 1),(524, 4, NULL, 1, 14, 1),(525, 4, NULL, 1, 15, 1),(526, 4, NULL, 1, 16, 1),(527, 4, NULL, 1, 17, 1),(528, 4, NULL, 1, 18, 1),(529, 4, NULL, 1, 19, 1),(530, 4, NULL, 1, 20, 1),(531, 4, NULL, 1, 21, 1),(532, 4, NULL, 1, 22, 1),(533, 4, NULL, 1, 23, 1),(534, 4, NULL, 1, 24, 1),(535, 4, NULL, 1, 25, 1),(536, 4, NULL, 1, 26, 1),(537, 4, NULL, 1, 27, 1),(538, 4, NULL, 1, 28, 1),(539, 4, NULL, 1, 29, 1),(540, 4, NULL, 1, 30, 1),(541, 4, NULL, 1, 1, 2),(542, 4, NULL, 1, 2, 2),(543, 4, NULL, 1, 3, 2),(544, 4, NULL, 1, 4, 2),(545, 4, NULL, 1, 5, 2),(546, 4, NULL, 1, 6, 2),(547, 4, NULL, 1, 7, 2),(548, 4, NULL, 1, 8, 2),(549, 4, NULL, 1, 9, 2),(550, 4, NULL, 1, 10, 2),(551, 4, NULL, 1, 11, 2),(552, 4, NULL, 1, 12, 2),(553, 4, NULL, 1, 13, 2),(554, 4, NULL, 1, 14, 2),(555, 4, NULL, 1, 15, 2),(556, 4, NULL, 1, 16, 2),(557, 4, NULL, 1, 17, 2),(558, 4, NULL, 1, 18, 2),(559, 4, NULL, 1, 19, 2),(560, 4, NULL, 1, 20, 2),(561, 4, NULL, 1, 21, 2),(562, 4, NULL, 1, 22, 2),(563, 4, NULL, 1, 23, 2),(564, 4, NULL, 1, 24, 2),(565, 4, NULL, 1, 25, 2),(566, 4, NULL, 1, 26, 2),(567, 4, NULL, 1, 27, 2),(568, 4, NULL, 1, 28, 2),(569, 4, NULL, 1, 29, 2),(570, 4, NULL, 1, 30, 2),(571, 4, NULL, 1, 1, 3),(572, 4, NULL, 1, 2, 3),(573, 4, NULL, 1, 3, 3),(574, 4, NULL, 1, 4, 3),(575, 4, NULL, 1, 5, 3),(576, 4, NULL, 1, 6, 3),(577, 4, NULL, 1, 7, 3),(578, 4, NULL, 1, 8, 3),(579, 4, NULL, 1, 9, 3),(580, 4, NULL, 1, 10, 3),(581, 4, NULL, 1, 11, 3),(582, 4, NULL, 1, 12, 3),(583, 4, NULL, 1, 13, 3),(584, 4, NULL, 1, 14, 3),(585, 4, NULL, 1, 15, 3),(586, 4, NULL, 1, 16, 3),(587, 4, NULL, 1, 17, 3),(588, 4, NULL, 1, 18, 3),(589, 4, NULL, 1, 19, 3),(590, 4, NULL, 1, 20, 3),(591, 4, NULL, 1, 21, 3),(592, 4, NULL, 1, 22, 3),(593, 4, NULL, 1, 23, 3),(594, 4, NULL, 1, 24, 3),(595, 4, NULL, 1, 25, 3),(596, 4, NULL, 1, 26, 3),(597, 4, NULL, 1, 27, 3),(598, 4, NULL, 1, 28, 3),(599, 4, NULL, 1, 29, 3),(600, 4, NULL, 1, 30, 3),(601, 4, NULL, 1, 1, 4),(602, 4, NULL, 1, 2, 4),(603, 4, NULL, 1, 3, 4),(604, 4, NULL, 1, 4, 4),(605, 4, NULL, 1, 5, 4),(606, 4, NULL, 1, 6, 4),(607, 4, NULL, 1, 7, 4),(608, 4, NULL, 1, 8, 4),(609, 4, NULL, 1, 9, 4),(610, 4, NULL, 1, 10, 4),(611, 4, NULL, 1, 11, 4),(612, 4, NULL, 1, 12, 4),(613, 4, NULL, 1, 13, 4),(614, 4, NULL, 1, 14, 4),(615, 4, NULL, 1, 15, 4),(616, 4, NULL, 1, 16, 4),(617, 4, NULL, 1, 17, 4),(618, 4, NULL, 1, 18, 4),(619, 4, NULL, 1, 19, 4),(620, 4, NULL, 1, 20, 4),(621, 4, NULL, 1, 21, 4),(622, 4, NULL, 1, 22, 4),(623, 4, NULL, 1, 23, 4),(624, 4, NULL, 1, 24, 4),(625, 4, NULL, 1, 25, 4),(626, 4, NULL, 1, 26, 4),(627, 4, NULL, 1, 27, 4),(628, 4, NULL, 1, 28, 4),(629, 4, NULL, 1, 29, 4),(630, 4, NULL, 1, 30, 4),(631, 4, NULL, 1, 1, 5),(632, 4, NULL, 1, 2, 5),(633, 4, NULL, 1, 3, 5),(634, 4, NULL, 1, 4, 5),(635, 4, NULL, 1, 5, 5),(636, 4, NULL, 1, 6, 5),(637, 4, NULL, 1, 7, 5),(638, 4, NULL, 1, 8, 5),(639, 4, NULL, 1, 9, 5),(640, 4, NULL, 1, 10, 5),(641, 4, NULL, 1, 11, 5),(642, 4, NULL, 1, 12, 5),(643, 4, NULL, 1, 13, 5),(644, 4, NULL, 1, 14, 5),(645, 4, NULL, 1, 15, 5),(646, 4, NULL, 1, 16, 5),(647, 4, NULL, 1, 17, 5),(648, 4, NULL, 1, 18, 5),(649, 4, NULL, 1, 19, 5),(650, 4, NULL, 1, 20, 5),(651, 4, NULL, 1, 21, 5),(652, 4, NULL, 1, 22, 5),(653, 4, NULL, 1, 23, 5),(654, 4, NULL, 1, 24, 5),(655, 4, NULL, 1, 25, 5),(656, 4, NULL, 1, 26, 5),(657, 4, NULL, 1, 27, 5),(658, 4, NULL, 1, 28, 5),(659, 4, NULL, 1, 29, 5),(660, 4, NULL, 1, 30, 5),(661, 4, NULL, 1, 1, 6),(662, 4, NULL, 1, 2, 6),(663, 4, NULL, 1, 3, 6),(664, 4, NULL, 1, 4, 6),(665, 4, NULL, 1, 5, 6),(666, 4, NULL, 1, 6, 6),(667, 4, NULL, 1, 7, 6),(668, 4, NULL, 1, 8, 6),(669, 4, NULL, 1, 9, 6),(670, 4, NULL, 1, 10, 6),(671, 4, NULL, 1, 11, 6),(672, 4, NULL, 1, 12, 6),(673, 4, NULL, 1, 13, 6),(674, 4, NULL, 1, 14, 6),(675, 4, NULL, 1, 15, 6),(676, 4, NULL, 1, 16, 6),(677, 4, NULL, 1, 17, 6),(678, 4, NULL, 1, 18, 6),(679, 4, NULL, 1, 19, 6),(680, 4, NULL, 1, 20, 6),(681, 4, NULL, 1, 21, 6),(682, 4, NULL, 1, 22, 6),(683, 4, NULL, 1, 23, 6),(684, 4, NULL, 1, 24, 6),(685, 4, NULL, 1, 25, 6),(686, 4, NULL, 1, 26, 6),(687, 4, NULL, 1, 27, 6),(688, 4, NULL, 1, 28, 6),(689, 4, NULL, 1, 29, 6),(690, 4, NULL, 1, 30, 6),(691, 4, NULL, 1, 1, 7),(692, 4, NULL, 1, 2, 7),(693, 4, NULL, 1, 3, 7),(694, 4, NULL, 1, 4, 7),(695, 4, NULL, 1, 5, 7),(696, 4, NULL, 1, 6, 7),(697, 4, NULL, 1, 7, 7),(698, 4, NULL, 1, 8, 7),(699, 4, NULL, 1, 9, 7),(700, 4, NULL, 1, 10, 7),(701, 4, NULL, 1, 11, 7),(702, 4, NULL, 1, 12, 7),(703, 4, NULL, 1, 13, 7),(704, 4, NULL, 1, 14, 7),(705, 4, NULL, 1, 15, 7),(706, 4, NULL, 1, 16, 7),(707, 4, NULL, 1, 17, 7),(708, 4, NULL, 1, 18, 7),(709, 4, NULL, 1, 19, 7),(710, 4, NULL, 1, 20, 7),(711, 4, NULL, 1, 21, 7),(712, 4, NULL, 1, 22, 7),(713, 4, NULL, 1, 23, 7),(714, 4, NULL, 1, 24, 7),(715, 4, NULL, 1, 25, 7),(716, 4, NULL, 1, 26, 7),(717, 4, NULL, 1, 27, 7),(718, 4, NULL, 1, 28, 7),(719, 4, NULL, 1, 29, 7),(720, 4, NULL, 1, 30, 7),(721, 4, NULL, 1, 1, 8),(722, 4, NULL, 1, 2, 8),(723, 4, NULL, 1, 3, 8),(724, 4, NULL, 1, 4, 8),(725, 4, NULL, 1, 5, 8),(726, 4, NULL, 1, 6, 8),(727, 4, NULL, 1, 7, 8),(728, 4, NULL, 1, 8, 8),(729, 4, NULL, 1, 9, 8),(730, 4, NULL, 1, 10, 8),(731, 4, NULL, 1, 11, 8),(732, 4, NULL, 1, 12, 8),(733, 4, NULL, 1, 13, 8),(734, 4, NULL, 1, 14, 8),(735, 4, NULL, 1, 15, 8),(736, 4, NULL, 1, 16, 8),(737, 4, NULL, 1, 17, 8),(738, 4, NULL, 1, 18, 8),(739, 4, NULL, 1, 19, 8),(740, 4, NULL, 1, 20, 8),(741, 4, NULL, 1, 21, 8),(742, 4, NULL, 1, 22, 8),(743, 4, NULL, 1, 23, 8),(744, 4, NULL, 1, 24, 8),(745, 4, NULL, 1, 25, 8),(746, 4, NULL, 1, 26, 8),(747, 4, NULL, 1, 27, 8),(748, 4, NULL, 1, 28, 8),(749, 4, NULL, 1, 29, 8),(750, 4, NULL, 1, 30, 8),(751, 4, NULL, 1, 1, 9),(752, 4, NULL, 1, 2, 9),(753, 4, NULL, 1, 3, 9),(754, 4, NULL, 1, 4, 9),(755, 4, NULL, 1, 5, 9),(756, 4, NULL, 1, 6, 9),(757, 4, NULL, 1, 7, 9),(758, 4, NULL, 1, 8, 9),(759, 4, NULL, 1, 9, 9),(760, 4, NULL, 1, 10, 9),(761, 4, NULL, 1, 11, 9),(762, 4, NULL, 1, 12, 9),(763, 4, NULL, 1, 13, 9),(764, 4, NULL, 1, 14, 9),(765, 4, NULL, 1, 15, 9),(766, 4, NULL, 1, 16, 9),(767, 4, NULL, 1, 17, 9),(768, 4, NULL, 1, 18, 9),(769, 4, NULL, 1, 19, 9),(770, 4, NULL, 1, 20, 9),(771, 4, NULL, 1, 21, 9),(772, 4, NULL, 1, 22, 9),(773, 4, NULL, 1, 23, 9),(774, 4, NULL, 1, 24, 9),(775, 4, NULL, 1, 25, 9),(776, 4, NULL, 1, 26, 9),(777, 4, NULL, 1, 27, 9),(778, 4, NULL, 1, 28, 9),(779, 4, NULL, 1, 29, 9),(780, 4, NULL, 1, 30, 9),(781, 4, NULL, 1, 1, 10),(782, 4, NULL, 1, 2, 10),(783, 4, NULL, 1, 3, 10),(784, 4, NULL, 1, 4, 10),(785, 4, NULL, 1, 5, 10),(786, 4, NULL, 1, 6, 10),(787, 4, NULL, 1, 7, 10),(788, 4, NULL, 1, 8, 10),(789, 4, NULL, 1, 9, 10),(790, 4, NULL, 1, 10, 10),(791, 4, NULL, 1, 11, 10),(792, 4, NULL, 1, 12, 10),(793, 4, NULL, 1, 13, 10),(794, 4, NULL, 1, 14, 10),(795, 4, NULL, 1, 15, 10),(796, 4, NULL, 1, 16, 10),(797, 4, NULL, 1, 17, 10),(798, 4, NULL, 1, 18, 10),(799, 4, NULL, 1, 19, 10),(800, 4, NULL, 1, 20, 10),(801, 4, NULL, 1, 21, 10),(802, 4, NULL, 1, 22, 10),(803, 4, NULL, 1, 23, 10),(804, 4, NULL, 1, 24, 10),(805, 4, NULL, 1, 25, 10),(806, 4, NULL, 1, 26, 10),(807, 4, NULL, 1, 27, 10),(808, 4, NULL, 1, 28, 10),(809, 4, NULL, 1, 29, 10),(810, 4, NULL, 1, 30, 10);
INSERT INTO `Aerolinea`.`SILLA` (`id_silla`, `id_vuelo`, `id_pasaje`, `id_tipoclase`, `fila`, `columna`) VALUES (811, 5, NULL, 1, 1, 1),(812, 5, NULL, 1, 2, 1),(813, 5, NULL, 1, 3, 1),(814, 5, NULL, 1, 4, 1),(815, 5, NULL, 1, 5, 1),(816, 5, NULL, 1, 1, 2),(817, 5, NULL, 1, 2, 2),(818, 5, NULL, 1, 3, 2),(819, 5, NULL, 1, 4, 2),(820, 5, NULL, 1, 5, 2);
INSERT INTO `Aerolinea`.`SILLA` (`id_silla`, `id_vuelo`, `id_pasaje`, `id_tipoclase`, `fila`, `columna`) VALUES (821, 6, NULL, 1, 1, 1),(822, 6, NULL, 1, 2, 1),(823, 6, NULL, 1, 3, 1),(824, 6, NULL, 1, 4, 1),(825, 6, NULL, 1, 5, 1),(826, 6, NULL, 1, 6, 1),(827, 6, NULL, 1, 7, 1),(828, 6, NULL, 1, 8, 1),(829, 6, NULL, 1, 9, 1),(830, 6, NULL, 1, 10, 1),(831, 6, NULL, 1, 11, 1),(832, 6, NULL, 1, 12, 1),(833, 6, NULL, 1, 13, 1),(834, 6, NULL, 1, 14, 1),(835, 6, NULL, 1, 15, 1),(836, 6, NULL, 1, 16, 1),(837, 6, NULL, 1, 17, 1),(838, 6, NULL, 1, 18, 1),(839, 6, NULL, 1, 19, 1),(840, 6, NULL, 1, 20, 1),(841, 6, NULL, 1, 1, 2),(842, 6, NULL, 1, 2, 2),(843, 6, NULL, 1, 3, 2),(844, 6, NULL, 1, 4, 2),(845, 6, NULL, 1, 5, 2),(846, 6, NULL, 1, 6, 2),(847, 6, NULL, 1, 7, 2),(848, 6, NULL, 1, 8, 2),(849, 6, NULL, 1, 9, 2),(850, 6, NULL, 1, 10, 2),(851, 6, NULL, 1, 11, 2),(852, 6, NULL, 1, 12, 2),(853, 6, NULL, 1, 13, 2),(854, 6, NULL, 1, 14, 2),(855, 6, NULL, 1, 15, 2),(856, 6, NULL, 1, 16, 2),(857, 6, NULL, 1, 17, 2),(858, 6, NULL, 1, 18, 2),(859, 6, NULL, 1, 19, 2),(860, 6, NULL, 1, 20, 2),(861, 6, NULL, 1, 1, 3),(862, 6, NULL, 1, 2, 3),(863, 6, NULL, 1, 3, 3),(864, 6, NULL, 1, 4, 3),(865, 6, NULL, 1, 5, 3),(866, 6, NULL, 1, 6, 3),(867, 6, NULL, 1, 7, 3),(868, 6, NULL, 1, 8, 3),(869, 6, NULL, 1, 9, 3),(870, 6, NULL, 1, 10, 3),(871, 6, NULL, 1, 11, 3),(872, 6, NULL, 1, 12, 3),(873, 6, NULL, 1, 13, 3),(874, 6, NULL, 1, 14, 3),(875, 6, NULL, 1, 15, 3),(876, 6, NULL, 1, 16, 3),(877, 6, NULL, 1, 17, 3),(878, 6, NULL, 1, 18, 3),(879, 6, NULL, 1, 19, 3),(880, 6, NULL, 1, 20, 3),(881, 6, NULL, 1, 1, 4),(882, 6, NULL, 1, 2, 4),(883, 6, NULL, 1, 3, 4),(884, 6, NULL, 1, 4, 4),(885, 6, NULL, 1, 5, 4),(886, 6, NULL, 1, 6, 4),(887, 6, NULL, 1, 7, 4),(888, 6, NULL, 1, 8, 4),(889, 6, NULL, 1, 9, 4),(890, 6, NULL, 1, 10, 4),(891, 6, NULL, 1, 11, 4),(892, 6, NULL, 1, 12, 4),(893, 6, NULL, 1, 13, 4),(894, 6, NULL, 1, 14, 4),(895, 6, NULL, 1, 15, 4),(896, 6, NULL, 1, 16, 4),(897, 6, NULL, 1, 17, 4),(898, 6, NULL, 1, 18, 4),(899, 6, NULL, 1, 19, 4),(900, 6, NULL, 1, 20, 4),(901, 6, NULL, 1, 1, 5),(902, 6, NULL, 1, 2, 5),(903, 6, NULL, 1, 3, 5),(904, 6, NULL, 1, 4, 5),(905, 6, NULL, 1, 5, 5),(906, 6, NULL, 1, 6, 5),(907, 6, NULL, 1, 7, 5),(908, 6, NULL, 1, 8, 5),(909, 6, NULL, 1, 9, 5),(910, 6, NULL, 1, 10, 5),(911, 6, NULL, 1, 11, 5),(912, 6, NULL, 1, 12, 5),(913, 6, NULL, 1, 13, 5),(914, 6, NULL, 1, 14, 5),(915, 6, NULL, 1, 15, 5),(916, 6, NULL, 1, 16, 5),(917, 6, NULL, 1, 17, 5),(918, 6, NULL, 1, 18, 5),(919, 6, NULL, 1, 19, 5),(920, 6, NULL, 1, 20, 5),(921, 6, NULL, 1, 1, 6),(922, 6, NULL, 1, 2, 6),(923, 6, NULL, 1, 3, 6),(924, 6, NULL, 1, 4, 6),(925, 6, NULL, 1, 5, 6),(926, 6, NULL, 1, 6, 6),(927, 6, NULL, 1, 7, 6),(928, 6, NULL, 1, 8, 6),(929, 6, NULL, 1, 9, 6),(930, 6, NULL, 1, 10, 6),(931, 6, NULL, 1, 11, 6),(932, 6, NULL, 1, 12, 6),(933, 6, NULL, 1, 13, 6),(934, 6, NULL, 1, 14, 6),(935, 6, NULL, 1, 15, 6),(936, 6, NULL, 1, 16, 6),(937, 6, NULL, 1, 17, 6),(938, 6, NULL, 1, 18, 6),(939, 6, NULL, 1, 19, 6),(940, 6, NULL, 1, 20, 6),(941, 6, NULL, 1, 1, 7),(942, 6, NULL, 1, 2, 7),(943, 6, NULL, 1, 3, 7),(944, 6, NULL, 1, 4, 7),(945, 6, NULL, 1, 5, 7),(946, 6, NULL, 1, 6, 7),(947, 6, NULL, 1, 7, 7),(948, 6, NULL, 1, 8, 7),(949, 6, NULL, 1, 9, 7),(950, 6, NULL, 1, 10, 7),(951, 6, NULL, 1, 11, 7),(952, 6, NULL, 1, 12, 7),(953, 6, NULL, 1, 13, 7),(954, 6, NULL, 1, 14, 7),(955, 6, NULL, 1, 15, 7),(956, 6, NULL, 1, 16, 7),(957, 6, NULL, 1, 17, 7),(958, 6, NULL, 1, 18, 7),(959, 6, NULL, 1, 19, 7),(960, 6, NULL, 1, 20, 7),(961, 6, NULL, 1, 1, 8),(962, 6, NULL, 1, 2, 8),(963, 6, NULL, 1, 3, 8),(964, 6, NULL, 1, 4, 8),(965, 6, NULL, 1, 5, 8),(966, 6, NULL, 1, 6, 8),(967, 6, NULL, 1, 7, 8),(968, 6, NULL, 1, 8, 8),(969, 6, NULL, 1, 9, 8),(970, 6, NULL, 1, 10, 8),(971, 6, NULL, 1, 11, 8),(972, 6, NULL, 1, 12, 8),(973, 6, NULL, 1, 13, 8),(974, 6, NULL, 1, 14, 8),(975, 6, NULL, 1, 15, 8),(976, 6, NULL, 1, 16, 8),(977, 6, NULL, 1, 17, 8),(978, 6, NULL, 1, 18, 8),(979, 6, NULL, 1, 19, 8),(980, 6, NULL, 1, 20, 8),(981, 6, NULL, 1, 1, 9),(982, 6, NULL, 1, 2, 9),(983, 6, NULL, 1, 3, 9),(984, 6, NULL, 1, 4, 9),(985, 6, NULL, 1, 5, 9),(986, 6, NULL, 1, 6, 9),(987, 6, NULL, 1, 7, 9),(988, 6, NULL, 1, 8, 9),(989, 6, NULL, 1, 9, 9),(990, 6, NULL, 1, 10, 9),(991, 6, NULL, 1, 11, 9),(992, 6, NULL, 1, 12, 9),(993, 6, NULL, 1, 13, 9),(994, 6, NULL, 1, 14, 9),(995, 6, NULL, 1, 15, 9),(996, 6, NULL, 1, 16, 9),(997, 6, NULL, 1, 17, 9),(998, 6, NULL, 1, 18, 9),(999, 6, NULL, 1, 19, 9),(1000, 6, NULL, 1, 20, 9),(1001, 6, NULL, 1, 1, 10),(1002, 6, NULL, 1, 2, 10),(1003, 6, NULL, 1, 3, 10),(1004, 6, NULL, 1, 4, 10),(1005, 6, NULL, 1, 5, 10),(1006, 6, NULL, 1, 6, 10),(1007, 6, NULL, 1, 7, 10),(1008, 6, NULL, 1, 8, 10),(1009, 6, NULL, 1, 9, 10),(1010, 6, NULL, 1, 10, 10),(1011, 6, NULL, 1, 11, 10),(1012, 6, NULL, 1, 12, 10),(1013, 6, NULL, 1, 13, 10),(1014, 6, NULL, 1, 14, 10),(1015, 6, NULL, 1, 15, 10),(1016, 6, NULL, 1, 16, 10),(1017, 6, NULL, 1, 17, 10),(1018, 6, NULL, 1, 18, 10),(1019, 6, NULL, 1, 19, 10),(1020, 6, NULL, 1, 20, 10);
INSERT INTO `Aerolinea`.`SILLA` (`id_silla`, `id_vuelo`, `id_pasaje`, `id_tipoclase`, `fila`, `columna`) VALUES (1021, 7, NULL, 1, 1, 1),(1022, 7, NULL, 1, 2, 1),(1023, 7, NULL, 1, 3, 1),(1024, 7, NULL, 1, 4, 1),(1025, 7, NULL, 1, 5, 1),(1026, 7, NULL, 1, 6, 1),(1027, 7, NULL, 1, 7, 1),(1028, 7, NULL, 1, 8, 1),(1029, 7, NULL, 1, 9, 1),(1030, 7, NULL, 1, 10, 1),(1031, 7, NULL, 1, 11, 1),(1032, 7, NULL, 1, 12, 1),(1033, 7, NULL, 1, 13, 1),(1034, 7, NULL, 1, 14, 1),(1035, 7, NULL, 1, 15, 1),(1036, 7, NULL, 1, 16, 1),(1037, 7, NULL, 1, 17, 1),(1038, 7, NULL, 1, 18, 1),(1039, 7, NULL, 1, 19, 1),(1040, 7, NULL, 1, 20, 1),(1041, 7, NULL, 1, 21, 1),(1042, 7, NULL, 1, 22, 1),(1043, 7, NULL, 1, 23, 1),(1044, 7, NULL, 1, 24, 1),(1045, 7, NULL, 1, 25, 1),(1046, 7, NULL, 1, 26, 1),(1047, 7, NULL, 1, 27, 1),(1048, 7, NULL, 1, 28, 1),(1049, 7, NULL, 1, 29, 1),(1050, 7, NULL, 1, 30, 1),(1051, 7, NULL, 1, 1, 2),(1052, 7, NULL, 1, 2, 2),(1053, 7, NULL, 1, 3, 2),(1054, 7, NULL, 1, 4, 2),(1055, 7, NULL, 1, 5, 2),(1056, 7, NULL, 1, 6, 2),(1057, 7, NULL, 1, 7, 2),(1058, 7, NULL, 1, 8, 2),(1059, 7, NULL, 1, 9, 2),(1060, 7, NULL, 1, 10, 2),(1061, 7, NULL, 1, 11, 2),(1062, 7, NULL, 1, 12, 2),(1063, 7, NULL, 1, 13, 2),(1064, 7, NULL, 1, 14, 2),(1065, 7, NULL, 1, 15, 2),(1066, 7, NULL, 1, 16, 2),(1067, 7, NULL, 1, 17, 2),(1068, 7, NULL, 1, 18, 2),(1069, 7, NULL, 1, 19, 2),(1070, 7, NULL, 1, 20, 2),(1071, 7, NULL, 1, 21, 2),(1072, 7, NULL, 1, 22, 2),(1073, 7, NULL, 1, 23, 2),(1074, 7, NULL, 1, 24, 2),(1075, 7, NULL, 1, 25, 2),(1076, 7, NULL, 1, 26, 2),(1077, 7, NULL, 1, 27, 2),(1078, 7, NULL, 1, 28, 2),(1079, 7, NULL, 1, 29, 2),(1080, 7, NULL, 1, 30, 2),(1081, 7, NULL, 1, 1, 3),(1082, 7, NULL, 1, 2, 3),(1083, 7, NULL, 1, 3, 3),(1084, 7, NULL, 1, 4, 3),(1085, 7, NULL, 1, 5, 3),(1086, 7, NULL, 1, 6, 3),(1087, 7, NULL, 1, 7, 3),(1088, 7, NULL, 1, 8, 3),(1089, 7, NULL, 1, 9, 3),(1090, 7, NULL, 1, 10, 3),(1091, 7, NULL, 1, 11, 3),(1092, 7, NULL, 1, 12, 3),(1093, 7, NULL, 1, 13, 3),(1094, 7, NULL, 1, 14, 3),(1095, 7, NULL, 1, 15, 3),(1096, 7, NULL, 1, 16, 3),(1097, 7, NULL, 1, 17, 3),(1098, 7, NULL, 1, 18, 3),(1099, 7, NULL, 1, 19, 3),(1100, 7, NULL, 1, 20, 3),(1101, 7, NULL, 1, 21, 3),(1102, 7, NULL, 1, 22, 3),(1103, 7, NULL, 1, 23, 3),(1104, 7, NULL, 1, 24, 3),(1105, 7, NULL, 1, 25, 3),(1106, 7, NULL, 1, 26, 3),(1107, 7, NULL, 1, 27, 3),(1108, 7, NULL, 1, 28, 3),(1109, 7, NULL, 1, 29, 3),(1110, 7, NULL, 1, 30, 3),(1111, 7, NULL, 1, 1, 4),(1112, 7, NULL, 1, 2, 4),(1113, 7, NULL, 1, 3, 4),(1114, 7, NULL, 1, 4, 4),(1115, 7, NULL, 1, 5, 4),(1116, 7, NULL, 1, 6, 4),(1117, 7, NULL, 1, 7, 4),(1118, 7, NULL, 1, 8, 4),(1119, 7, NULL, 1, 9, 4),(1120, 7, NULL, 1, 10, 4),(1121, 7, NULL, 1, 11, 4),(1122, 7, NULL, 1, 12, 4),(1123, 7, NULL, 1, 13, 4),(1124, 7, NULL, 1, 14, 4),(1125, 7, NULL, 1, 15, 4),(1126, 7, NULL, 1, 16, 4),(1127, 7, NULL, 1, 17, 4),(1128, 7, NULL, 1, 18, 4),(1129, 7, NULL, 1, 19, 4),(1130, 7, NULL, 1, 20, 4),(1131, 7, NULL, 1, 21, 4),(1132, 7, NULL, 1, 22, 4),(1133, 7, NULL, 1, 23, 4),(1134, 7, NULL, 1, 24, 4),(1135, 7, NULL, 1, 25, 4),(1136, 7, NULL, 1, 26, 4),(1137, 7, NULL, 1, 27, 4),(1138, 7, NULL, 1, 28, 4),(1139, 7, NULL, 1, 29, 4),(1140, 7, NULL, 1, 30, 4),(1141, 7, NULL, 1, 1, 5),(1142, 7, NULL, 1, 2, 5),(1143, 7, NULL, 1, 3, 5),(1144, 7, NULL, 1, 4, 5),(1145, 7, NULL, 1, 5, 5),(1146, 7, NULL, 1, 6, 5),(1147, 7, NULL, 1, 7, 5),(1148, 7, NULL, 1, 8, 5),(1149, 7, NULL, 1, 9, 5),(1150, 7, NULL, 1, 10, 5),(1151, 7, NULL, 1, 11, 5),(1152, 7, NULL, 1, 12, 5),(1153, 7, NULL, 1, 13, 5),(1154, 7, NULL, 1, 14, 5),(1155, 7, NULL, 1, 15, 5),(1156, 7, NULL, 1, 16, 5),(1157, 7, NULL, 1, 17, 5),(1158, 7, NULL, 1, 18, 5),(1159, 7, NULL, 1, 19, 5),(1160, 7, NULL, 1, 20, 5),(1161, 7, NULL, 1, 21, 5),(1162, 7, NULL, 1, 22, 5),(1163, 7, NULL, 1, 23, 5),(1164, 7, NULL, 1, 24, 5),(1165, 7, NULL, 1, 25, 5),(1166, 7, NULL, 1, 26, 5),(1167, 7, NULL, 1, 27, 5),(1168, 7, NULL, 1, 28, 5),(1169, 7, NULL, 1, 29, 5),(1170, 7, NULL, 1, 30, 5),(1171, 7, NULL, 1, 1, 6),(1172, 7, NULL, 1, 2, 6),(1173, 7, NULL, 1, 3, 6),(1174, 7, NULL, 1, 4, 6),(1175, 7, NULL, 1, 5, 6),(1176, 7, NULL, 1, 6, 6),(1177, 7, NULL, 1, 7, 6),(1178, 7, NULL, 1, 8, 6),(1179, 7, NULL, 1, 9, 6),(1180, 7, NULL, 1, 10, 6),(1181, 7, NULL, 1, 11, 6),(1182, 7, NULL, 1, 12, 6),(1183, 7, NULL, 1, 13, 6),(1184, 7, NULL, 1, 14, 6),(1185, 7, NULL, 1, 15, 6),(1186, 7, NULL, 1, 16, 6),(1187, 7, NULL, 1, 17, 6),(1188, 7, NULL, 1, 18, 6),(1189, 7, NULL, 1, 19, 6),(1190, 7, NULL, 1, 20, 6),(1191, 7, NULL, 1, 21, 6),(1192, 7, NULL, 1, 22, 6),(1193, 7, NULL, 1, 23, 6),(1194, 7, NULL, 1, 24, 6),(1195, 7, NULL, 1, 25, 6),(1196, 7, NULL, 1, 26, 6),(1197, 7, NULL, 1, 27, 6),(1198, 7, NULL, 1, 28, 6),(1199, 7, NULL, 1, 29, 6),(1200, 7, NULL, 1, 30, 6),(1201, 7, NULL, 1, 1, 7),(1202, 7, NULL, 1, 2, 7),(1203, 7, NULL, 1, 3, 7),(1204, 7, NULL, 1, 4, 7),(1205, 7, NULL, 1, 5, 7),(1206, 7, NULL, 1, 6, 7),(1207, 7, NULL, 1, 7, 7),(1208, 7, NULL, 1, 8, 7),(1209, 7, NULL, 1, 9, 7),(1210, 7, NULL, 1, 10, 7),(1211, 7, NULL, 1, 11, 7),(1212, 7, NULL, 1, 12, 7),(1213, 7, NULL, 1, 13, 7),(1214, 7, NULL, 1, 14, 7),(1215, 7, NULL, 1, 15, 7),(1216, 7, NULL, 1, 16, 7),(1217, 7, NULL, 1, 17, 7),(1218, 7, NULL, 1, 18, 7),(1219, 7, NULL, 1, 19, 7),(1220, 7, NULL, 1, 20, 7),(1221, 7, NULL, 1, 21, 7),(1222, 7, NULL, 1, 22, 7),(1223, 7, NULL, 1, 23, 7),(1224, 7, NULL, 1, 24, 7),(1225, 7, NULL, 1, 25, 7),(1226, 7, NULL, 1, 26, 7),(1227, 7, NULL, 1, 27, 7),(1228, 7, NULL, 1, 28, 7),(1229, 7, NULL, 1, 29, 7),(1230, 7, NULL, 1, 30, 7),(1231, 7, NULL, 1, 1, 8),(1232, 7, NULL, 1, 2, 8),(1233, 7, NULL, 1, 3, 8),(1234, 7, NULL, 1, 4, 8),(1235, 7, NULL, 1, 5, 8),(1236, 7, NULL, 1, 6, 8),(1237, 7, NULL, 1, 7, 8),(1238, 7, NULL, 1, 8, 8),(1239, 7, NULL, 1, 9, 8),(1240, 7, NULL, 1, 10, 8),(1241, 7, NULL, 1, 11, 8),(1242, 7, NULL, 1, 12, 8),(1243, 7, NULL, 1, 13, 8),(1244, 7, NULL, 1, 14, 8),(1245, 7, NULL, 1, 15, 8),(1246, 7, NULL, 1, 16, 8),(1247, 7, NULL, 1, 17, 8),(1248, 7, NULL, 1, 18, 8),(1249, 7, NULL, 1, 19, 8),(1250, 7, NULL, 1, 20, 8),(1251, 7, NULL, 1, 21, 8),(1252, 7, NULL, 1, 22, 8),(1253, 7, NULL, 1, 23, 8),(1254, 7, NULL, 1, 24, 8),(1255, 7, NULL, 1, 25, 8),(1256, 7, NULL, 1, 26, 8),(1257, 7, NULL, 1, 27, 8),(1258, 7, NULL, 1, 28, 8),(1259, 7, NULL, 1, 29, 8),(1260, 7, NULL, 1, 30, 8),(1261, 7, NULL, 1, 1, 9),(1262, 7, NULL, 1, 2, 9),(1263, 7, NULL, 1, 3, 9),(1264, 7, NULL, 1, 4, 9),(1265, 7, NULL, 1, 5, 9),(1266, 7, NULL, 1, 6, 9),(1267, 7, NULL, 1, 7, 9),(1268, 7, NULL, 1, 8, 9),(1269, 7, NULL, 1, 9, 9),(1270, 7, NULL, 1, 10, 9),(1271, 7, NULL, 1, 11, 9),(1272, 7, NULL, 1, 12, 9),(1273, 7, NULL, 1, 13, 9),(1274, 7, NULL, 1, 14, 9),(1275, 7, NULL, 1, 15, 9),(1276, 7, NULL, 1, 16, 9),(1277, 7, NULL, 1, 17, 9),(1278, 7, NULL, 1, 18, 9),(1279, 7, NULL, 1, 19, 9),(1280, 7, NULL, 1, 20, 9),(1281, 7, NULL, 1, 21, 9),(1282, 7, NULL, 1, 22, 9),(1283, 7, NULL, 1, 23, 9),(1284, 7, NULL, 1, 24, 9),(1285, 7, NULL, 1, 25, 9),(1286, 7, NULL, 1, 26, 9),(1287, 7, NULL, 1, 27, 9),(1288, 7, NULL, 1, 28, 9),(1289, 7, NULL, 1, 29, 9),(1290, 7, NULL, 1, 30, 9),(1291, 7, NULL, 1, 1, 10),(1292, 7, NULL, 1, 2, 10),(1293, 7, NULL, 1, 3, 10),(1294, 7, NULL, 1, 4, 10),(1295, 7, NULL, 1, 5, 10),(1296, 7, NULL, 1, 6, 10),(1297, 7, NULL, 1, 7, 10),(1298, 7, NULL, 1, 8, 10),(1299, 7, NULL, 1, 9, 10),(1300, 7, NULL, 1, 10, 10),(1301, 7, NULL, 1, 11, 10),(1302, 7, NULL, 1, 12, 10),(1303, 7, NULL, 1, 13, 10),(1304, 7, NULL, 1, 14, 10),(1305, 7, NULL, 1, 15, 10),(1306, 7, NULL, 1, 16, 10),(1307, 7, NULL, 1, 17, 10),(1308, 7, NULL, 1, 18, 10),(1309, 7, NULL, 1, 19, 10),(1310, 7, NULL, 1, 20, 10),(1311, 7, NULL, 1, 21, 10),(1312, 7, NULL, 1, 22, 10),(1313, 7, NULL, 1, 23, 10),(1314, 7, NULL, 1, 24, 10),(1315, 7, NULL, 1, 25, 10),(1316, 7, NULL, 1, 26, 10),(1317, 7, NULL, 1, 27, 10),(1318, 7, NULL, 1, 28, 10),(1319, 7, NULL, 1, 29, 10),(1320, 7, NULL, 1, 30, 10);
INSERT INTO `Aerolinea`.`SILLA` (`id_silla`, `id_vuelo`, `id_pasaje`, `id_tipoclase`, `fila`, `columna`) VALUES (1321, 8, NULL, 1, 1, 1),(1322, 8, NULL, 1, 2, 1),(1323, 8, NULL, 1, 3, 1),(1324, 8, NULL, 1, 4, 1),(1325, 8, NULL, 1, 5, 1),(1326, 8, NULL, 1, 1, 2),(1327, 8, NULL, 1, 2, 2),(1328, 8, NULL, 1, 3, 2),(1329, 8, NULL, 1, 4, 2),(1330, 8, NULL, 1, 5, 2);
INSERT INTO `Aerolinea`.`SILLA` (`id_silla`, `id_vuelo`, `id_pasaje`, `id_tipoclase`, `fila`, `columna`) VALUES (1331, 9, NULL, 1, 1, 1),(1332, 9, NULL, 1, 2, 1),(1333, 9, NULL, 1, 3, 1),(1334, 9, NULL, 1, 4, 1),(1335, 9, NULL, 1, 5, 1),(1336, 9, NULL, 1, 6, 1),(1337, 9, NULL, 1, 7, 1),(1338, 9, NULL, 1, 8, 1),(1339, 9, NULL, 1, 9, 1),(1340, 9, NULL, 1, 10, 1),(1341, 9, NULL, 1, 11, 1),(1342, 9, NULL, 1, 12, 1),(1343, 9, NULL, 1, 13, 1),(1344, 9, NULL, 1, 14, 1),(1345, 9, NULL, 1, 15, 1),(1346, 9, NULL, 1, 16, 1),(1347, 9, NULL, 1, 17, 1),(1348, 9, NULL, 1, 18, 1),(1349, 9, NULL, 1, 19, 1),(1350, 9, NULL, 1, 20, 1),(1351, 9, NULL, 1, 1, 2),(1352, 9, NULL, 1, 2, 2),(1353, 9, NULL, 1, 3, 2),(1354, 9, NULL, 1, 4, 2),(1355, 9, NULL, 1, 5, 2),(1356, 9, NULL, 1, 6, 2),(1357, 9, NULL, 1, 7, 2),(1358, 9, NULL, 1, 8, 2),(1359, 9, NULL, 1, 9, 2),(1360, 9, NULL, 1, 10, 2),(1361, 9, NULL, 1, 11, 2),(1362, 9, NULL, 1, 12, 2),(1363, 9, NULL, 1, 13, 2),(1364, 9, NULL, 1, 14, 2),(1365, 9, NULL, 1, 15, 2),(1366, 9, NULL, 1, 16, 2),(1367, 9, NULL, 1, 17, 2),(1368, 9, NULL, 1, 18, 2),(1369, 9, NULL, 1, 19, 2),(1370, 9, NULL, 1, 20, 2),(1371, 9, NULL, 1, 1, 3),(1372, 9, NULL, 1, 2, 3),(1373, 9, NULL, 1, 3, 3),(1374, 9, NULL, 1, 4, 3),(1375, 9, NULL, 1, 5, 3),(1376, 9, NULL, 1, 6, 3),(1377, 9, NULL, 1, 7, 3),(1378, 9, NULL, 1, 8, 3),(1379, 9, NULL, 1, 9, 3),(1380, 9, NULL, 1, 10, 3),(1381, 9, NULL, 1, 11, 3),(1382, 9, NULL, 1, 12, 3),(1383, 9, NULL, 1, 13, 3),(1384, 9, NULL, 1, 14, 3),(1385, 9, NULL, 1, 15, 3),(1386, 9, NULL, 1, 16, 3),(1387, 9, NULL, 1, 17, 3),(1388, 9, NULL, 1, 18, 3),(1389, 9, NULL, 1, 19, 3),(1390, 9, NULL, 1, 20, 3),(1391, 9, NULL, 1, 1, 4),(1392, 9, NULL, 1, 2, 4),(1393, 9, NULL, 1, 3, 4),(1394, 9, NULL, 1, 4, 4),(1395, 9, NULL, 1, 5, 4),(1396, 9, NULL, 1, 6, 4),(1397, 9, NULL, 1, 7, 4),(1398, 9, NULL, 1, 8, 4),(1399, 9, NULL, 1, 9, 4),(1400, 9, NULL, 1, 10, 4),(1401, 9, NULL, 1, 11, 4),(1402, 9, NULL, 1, 12, 4),(1403, 9, NULL, 1, 13, 4),(1404, 9, NULL, 1, 14, 4),(1405, 9, NULL, 1, 15, 4),(1406, 9, NULL, 1, 16, 4),(1407, 9, NULL, 1, 17, 4),(1408, 9, NULL, 1, 18, 4),(1409, 9, NULL, 1, 19, 4),(1410, 9, NULL, 1, 20, 4),(1411, 9, NULL, 1, 1, 5),(1412, 9, NULL, 1, 2, 5),(1413, 9, NULL, 1, 3, 5),(1414, 9, NULL, 1, 4, 5),(1415, 9, NULL, 1, 5, 5),(1416, 9, NULL, 1, 6, 5),(1417, 9, NULL, 1, 7, 5),(1418, 9, NULL, 1, 8, 5),(1419, 9, NULL, 1, 9, 5),(1420, 9, NULL, 1, 10, 5),(1421, 9, NULL, 1, 11, 5),(1422, 9, NULL, 1, 12, 5),(1423, 9, NULL, 1, 13, 5),(1424, 9, NULL, 1, 14, 5),(1425, 9, NULL, 1, 15, 5),(1426, 9, NULL, 1, 16, 5),(1427, 9, NULL, 1, 17, 5),(1428, 9, NULL, 1, 18, 5),(1429, 9, NULL, 1, 19, 5),(1430, 9, NULL, 1, 20, 5),(1431, 9, NULL, 1, 1, 6),(1432, 9, NULL, 1, 2, 6),(1433, 9, NULL, 1, 3, 6),(1434, 9, NULL, 1, 4, 6),(1435, 9, NULL, 1, 5, 6),(1436, 9, NULL, 1, 6, 6),(1437, 9, NULL, 1, 7, 6),(1438, 9, NULL, 1, 8, 6),(1439, 9, NULL, 1, 9, 6),(1440, 9, NULL, 1, 10, 6),(1441, 9, NULL, 1, 11, 6),(1442, 9, NULL, 1, 12, 6),(1443, 9, NULL, 1, 13, 6),(1444, 9, NULL, 1, 14, 6),(1445, 9, NULL, 1, 15, 6),(1446, 9, NULL, 1, 16, 6),(1447, 9, NULL, 1, 17, 6),(1448, 9, NULL, 1, 18, 6),(1449, 9, NULL, 1, 19, 6),(1450, 9, NULL, 1, 20, 6),(1451, 9, NULL, 1, 1, 7),(1452, 9, NULL, 1, 2, 7),(1453, 9, NULL, 1, 3, 7),(1454, 9, NULL, 1, 4, 7),(1455, 9, NULL, 1, 5, 7),(1456, 9, NULL, 1, 6, 7),(1457, 9, NULL, 1, 7, 7),(1458, 9, NULL, 1, 8, 7),(1459, 9, NULL, 1, 9, 7),(1460, 9, NULL, 1, 10, 7),(1461, 9, NULL, 1, 11, 7),(1462, 9, NULL, 1, 12, 7),(1463, 9, NULL, 1, 13, 7),(1464, 9, NULL, 1, 14, 7),(1465, 9, NULL, 1, 15, 7),(1466, 9, NULL, 1, 16, 7),(1467, 9, NULL, 1, 17, 7),(1468, 9, NULL, 1, 18, 7),(1469, 9, NULL, 1, 19, 7),(1470, 9, NULL, 1, 20, 7),(1471, 9, NULL, 1, 1, 8),(1472, 9, NULL, 1, 2, 8),(1473, 9, NULL, 1, 3, 8),(1474, 9, NULL, 1, 4, 8),(1475, 9, NULL, 1, 5, 8),(1476, 9, NULL, 1, 6, 8),(1477, 9, NULL, 1, 7, 8),(1478, 9, NULL, 1, 8, 8),(1479, 9, NULL, 1, 9, 8),(1480, 9, NULL, 1, 10, 8),(1481, 9, NULL, 1, 11, 8),(1482, 9, NULL, 1, 12, 8),(1483, 9, NULL, 1, 13, 8),(1484, 9, NULL, 1, 14, 8),(1485, 9, NULL, 1, 15, 8),(1486, 9, NULL, 1, 16, 8),(1487, 9, NULL, 1, 17, 8),(1488, 9, NULL, 1, 18, 8),(1489, 9, NULL, 1, 19, 8),(1490, 9, NULL, 1, 20, 8),(1491, 9, NULL, 1, 1, 9),(1492, 9, NULL, 1, 2, 9),(1493, 9, NULL, 1, 3, 9),(1494, 9, NULL, 1, 4, 9),(1495, 9, NULL, 1, 5, 9),(1496, 9, NULL, 1, 6, 9),(1497, 9, NULL, 1, 7, 9),(1498, 9, NULL, 1, 8, 9),(1499, 9, NULL, 1, 9, 9),(1500, 9, NULL, 1, 10, 9),(1501, 9, NULL, 1, 11, 9),(1502, 9, NULL, 1, 12, 9),(1503, 9, NULL, 1, 13, 9),(1504, 9, NULL, 1, 14, 9),(1505, 9, NULL, 1, 15, 9),(1506, 9, NULL, 1, 16, 9),(1507, 9, NULL, 1, 17, 9),(1508, 9, NULL, 1, 18, 9),(1509, 9, NULL, 1, 19, 9),(1510, 9, NULL, 1, 20, 9),(1511, 9, NULL, 1, 1, 10),(1512, 9, NULL, 1, 2, 10),(1513, 9, NULL, 1, 3, 10),(1514, 9, NULL, 1, 4, 10),(1515, 9, NULL, 1, 5, 10),(1516, 9, NULL, 1, 6, 10),(1517, 9, NULL, 1, 7, 10),(1518, 9, NULL, 1, 8, 10),(1519, 9, NULL, 1, 9, 10),(1520, 9, NULL, 1, 10, 10),(1521, 9, NULL, 1, 11, 10),(1522, 9, NULL, 1, 12, 10),(1523, 9, NULL, 1, 13, 10),(1524, 9, NULL, 1, 14, 10),(1525, 9, NULL, 1, 15, 10),(1526, 9, NULL, 1, 16, 10),(1527, 9, NULL, 1, 17, 10),(1528, 9, NULL, 1, 18, 10),(1529, 9, NULL, 1, 19, 10),(1530, 9, NULL, 1, 20, 10);

COMMIT;
