-- MySQL Script generated by MySQL Workbench
-- 05/24/16 18:11:07
-- Model: New Model    Version: 1.0
-- MySQL Workbench Forward Engineering

SET @OLD_UNIQUE_CHECKS=@@UNIQUE_CHECKS, UNIQUE_CHECKS=0;
SET @OLD_FOREIGN_KEY_CHECKS=@@FOREIGN_KEY_CHECKS, FOREIGN_KEY_CHECKS=0;
SET @OLD_SQL_MODE=@@SQL_MODE, SQL_MODE='TRADITIONAL,ALLOW_INVALID_DATES';

-- -----------------------------------------------------
-- Schema Aerolinea
-- -----------------------------------------------------

-- -----------------------------------------------------
-- Schema Aerolinea
-- -----------------------------------------------------
CREATE SCHEMA IF NOT EXISTS `Aerolinea` DEFAULT CHARACTER SET utf8 ;
USE `Aerolinea` ;

-- -----------------------------------------------------
-- Table `Aerolinea`.`PAIS`
-- -----------------------------------------------------
DROP TABLE IF EXISTS `Aerolinea`.`PAIS` ;

CREATE TABLE IF NOT EXISTS `Aerolinea`.`PAIS` (
  `id_pais` INT NOT NULL AUTO_INCREMENT,
  `nombre` VARCHAR(45) NOT NULL,
  PRIMARY KEY (`id_pais`))
ENGINE = InnoDB;


-- -----------------------------------------------------
-- Table `Aerolinea`.`CIUDAD`
-- -----------------------------------------------------
DROP TABLE IF EXISTS `Aerolinea`.`CIUDAD` ;

CREATE TABLE IF NOT EXISTS `Aerolinea`.`CIUDAD` (
  `id_ciudad` INT NOT NULL AUTO_INCREMENT,
  `id_pais` INT NOT NULL,
  `nombre` VARCHAR(45) NOT NULL,
  PRIMARY KEY (`id_ciudad`),
  INDEX `pais_idx` (`id_pais` ASC),
  CONSTRAINT `fk_CIUDAD_PAIS1`
    FOREIGN KEY (`id_pais`)
    REFERENCES `Aerolinea`.`PAIS` (`id_pais`)
    ON DELETE NO ACTION
    ON UPDATE NO ACTION)
ENGINE = InnoDB;


-- -----------------------------------------------------
-- Table `Aerolinea`.`AEROPUERTO`
-- -----------------------------------------------------
DROP TABLE IF EXISTS `Aerolinea`.`AEROPUERTO` ;

CREATE TABLE IF NOT EXISTS `Aerolinea`.`AEROPUERTO` (
  `id_aeropuerto` INT NOT NULL AUTO_INCREMENT,
  `id_ciudad` INT NOT NULL,
  `nombre` VARCHAR(45) NOT NULL,
  `direccion` VARCHAR(45) NULL,
  `telefono` VARCHAR(45) NULL,
  `iata` VARCHAR(45) NULL,
  `oficina` VARCHAR(45) NULL,
  PRIMARY KEY (`id_aeropuerto`),
  INDEX `ciudad_idx` (`id_ciudad` ASC),
  CONSTRAINT `fk_AEROPUERTO_CIUDAD1`
    FOREIGN KEY (`id_ciudad`)
    REFERENCES `Aerolinea`.`CIUDAD` (`id_ciudad`)
    ON DELETE NO ACTION
    ON UPDATE NO ACTION)
ENGINE = InnoDB
COMMENT = '			';


-- -----------------------------------------------------
-- Table `Aerolinea`.`TIPODOCUMENTO`
-- -----------------------------------------------------
DROP TABLE IF EXISTS `Aerolinea`.`TIPODOCUMENTO` ;

CREATE TABLE IF NOT EXISTS `Aerolinea`.`TIPODOCUMENTO` (
  `id_tipodocumento` INT NOT NULL AUTO_INCREMENT,
  `id_pais` INT NULL,
  `nombre` VARCHAR(45) NOT NULL,
  PRIMARY KEY (`id_tipodocumento`),
  INDEX `fk_TIPODOCUMENTO_PAIS1_idx` (`id_pais` ASC),
  CONSTRAINT `fk_TIPODOCUMENTO_PAIS1`
    FOREIGN KEY (`id_pais`)
    REFERENCES `Aerolinea`.`PAIS` (`id_pais`)
    ON DELETE NO ACTION
    ON UPDATE NO ACTION)
ENGINE = InnoDB;


-- -----------------------------------------------------
-- Table `Aerolinea`.`CLIENTE`
-- -----------------------------------------------------
DROP TABLE IF EXISTS `Aerolinea`.`CLIENTE` ;

CREATE TABLE IF NOT EXISTS `Aerolinea`.`CLIENTE` (
  `id_cliente` INT NOT NULL AUTO_INCREMENT,
  `nombre` VARCHAR(45) NOT NULL,
  `documento` VARCHAR(45) NOT NULL,
  `tipodocumento` INT NOT NULL,
  `correo` VARCHAR(45) NOT NULL,
  PRIMARY KEY (`id_cliente`),
  INDEX `tipodocumento_idx` (`tipodocumento` ASC),
  UNIQUE INDEX `id_cliente_UNIQUE` (`id_cliente` ASC),
  UNIQUE INDEX `correo_UNIQUE` (`correo` ASC),
  CONSTRAINT `fk_CLIENTE_TIPODOCUMENTO1`
    FOREIGN KEY (`tipodocumento`)
    REFERENCES `Aerolinea`.`TIPODOCUMENTO` (`id_tipodocumento`)
    ON DELETE NO ACTION
    ON UPDATE NO ACTION)
ENGINE = InnoDB;


-- -----------------------------------------------------
-- Table `Aerolinea`.`ITINERARIO`
-- -----------------------------------------------------
DROP TABLE IF EXISTS `Aerolinea`.`ITINERARIO` ;

CREATE TABLE IF NOT EXISTS `Aerolinea`.`ITINERARIO` (
  `id_itinerario` INT NOT NULL AUTO_INCREMENT,
  `preciocompleto` DOUBLE NOT NULL,
  PRIMARY KEY (`id_itinerario`))
ENGINE = InnoDB;


-- -----------------------------------------------------
-- Table `Aerolinea`.`AVION`
-- -----------------------------------------------------
DROP TABLE IF EXISTS `Aerolinea`.`AVION` ;

CREATE TABLE IF NOT EXISTS `Aerolinea`.`AVION` (
  `id_avion` INT NOT NULL AUTO_INCREMENT,
  `nombre` VARCHAR(45) NULL,
  `capacidad` INT NOT NULL,
  `filas` INT NULL,
  `columnas` INT NULL,
  PRIMARY KEY (`id_avion`))
ENGINE = InnoDB;


-- -----------------------------------------------------
-- Table `Aerolinea`.`VUELO`
-- -----------------------------------------------------
DROP TABLE IF EXISTS `Aerolinea`.`VUELO` ;

CREATE TABLE IF NOT EXISTS `Aerolinea`.`VUELO` (
  `id_vuelo` INT NOT NULL AUTO_INCREMENT,
  `id_avion` INT NOT NULL,
  `id_itinerario` INT NOT NULL,
  `precio` DOUBLE NOT NULL,
  `desde` INT NOT NULL,
  `hasta` INT NOT NULL,
  `millas` DOUBLE NOT NULL,
  `salida` DATETIME NOT NULL,
  `llegada` DATETIME NOT NULL,
  PRIMARY KEY (`id_vuelo`),
  INDEX `itinerario_idx` (`id_itinerario` ASC),
  INDEX `fk_VUELO_AVION1_idx` (`id_avion` ASC),
  INDEX `fk_VUELO_AEROPUERTO1_idx` (`desde` ASC),
  INDEX `fk_VUELO_AEROPUERTO2_idx` (`hasta` ASC),
  CONSTRAINT `fk_VUELO_ITINERARIO1`
    FOREIGN KEY (`id_itinerario`)
    REFERENCES `Aerolinea`.`ITINERARIO` (`id_itinerario`)
    ON DELETE NO ACTION
    ON UPDATE NO ACTION,
  CONSTRAINT `fk_VUELO_AVION1`
    FOREIGN KEY (`id_avion`)
    REFERENCES `Aerolinea`.`AVION` (`id_avion`)
    ON DELETE NO ACTION
    ON UPDATE NO ACTION,
  CONSTRAINT `fk_VUELO_AEROPUERTO1`
    FOREIGN KEY (`desde`)
    REFERENCES `Aerolinea`.`AEROPUERTO` (`id_aeropuerto`)
    ON DELETE NO ACTION
    ON UPDATE NO ACTION,
  CONSTRAINT `fk_VUELO_AEROPUERTO2`
    FOREIGN KEY (`hasta`)
    REFERENCES `Aerolinea`.`AEROPUERTO` (`id_aeropuerto`)
    ON DELETE NO ACTION
    ON UPDATE NO ACTION)
ENGINE = InnoDB;


-- -----------------------------------------------------
-- Table `Aerolinea`.`PASAJE`
-- -----------------------------------------------------
DROP TABLE IF EXISTS `Aerolinea`.`PASAJE` ;

CREATE TABLE IF NOT EXISTS `Aerolinea`.`PASAJE` (
  `id_pasaje` INT NOT NULL AUTO_INCREMENT,
  `id_itinerario` INT NOT NULL,
  `id_cliente` INT NOT NULL,
  `pagado` TINYINT(1) NOT NULL,
  PRIMARY KEY (`id_pasaje`),
  INDEX `fk_PASAJE_ITINERARIO1_idx` (`id_itinerario` ASC),
  INDEX `fk_PASAJE_CLIENTE1_idx` (`id_cliente` ASC),
  CONSTRAINT `fk_PASAJE_ITINERARIO1`
    FOREIGN KEY (`id_itinerario`)
    REFERENCES `Aerolinea`.`ITINERARIO` (`id_itinerario`)
    ON DELETE NO ACTION
    ON UPDATE NO ACTION,
  CONSTRAINT `fk_PASAJE_CLIENTE1`
    FOREIGN KEY (`id_cliente`)
    REFERENCES `Aerolinea`.`CLIENTE` (`id_cliente`)
    ON DELETE NO ACTION
    ON UPDATE NO ACTION)
ENGINE = InnoDB;


-- -----------------------------------------------------
-- Table `Aerolinea`.`SOCIO`
-- -----------------------------------------------------
DROP TABLE IF EXISTS `Aerolinea`.`SOCIO` ;

CREATE TABLE IF NOT EXISTS `Aerolinea`.`SOCIO` (
  `id_socio` INT NOT NULL AUTO_INCREMENT,
  `id_cliente` INT NOT NULL,
  `usuario` VARCHAR(45) NOT NULL,
  `contrasena` VARCHAR(45) NOT NULL,
  `millas` DOUBLE ZEROFILL NULL,
  PRIMARY KEY (`id_socio`),
  UNIQUE INDEX `usuario_UNIQUE` (`usuario` ASC),
  UNIQUE INDEX `id_socio_UNIQUE` (`id_socio` ASC),
  UNIQUE INDEX `id_cliente_UNIQUE` (`id_cliente` ASC),
  CONSTRAINT `fk_SOCIO_CLIENTE1`
    FOREIGN KEY (`id_cliente`)
    REFERENCES `Aerolinea`.`CLIENTE` (`id_cliente`)
    ON DELETE NO ACTION
    ON UPDATE NO ACTION)
ENGINE = InnoDB;


-- -----------------------------------------------------
-- Table `Aerolinea`.`TIPOCLASE`
-- -----------------------------------------------------
DROP TABLE IF EXISTS `Aerolinea`.`TIPOCLASE` ;

CREATE TABLE IF NOT EXISTS `Aerolinea`.`TIPOCLASE` (
  `id_tipoclase` INT NOT NULL AUTO_INCREMENT,
  `nombre` VARCHAR(45) NOT NULL,
  `multiplicadorprecio` DOUBLE NOT NULL,
  PRIMARY KEY (`id_tipoclase`))
ENGINE = InnoDB;


-- -----------------------------------------------------
-- Table `Aerolinea`.`SILLA`
-- -----------------------------------------------------
DROP TABLE IF EXISTS `Aerolinea`.`SILLA` ;

CREATE TABLE IF NOT EXISTS `Aerolinea`.`SILLA` (
  `id_silla` INT NOT NULL AUTO_INCREMENT,
  `id_vuelo` INT NOT NULL,
  `id_pasaje` INT NULL,
  `id_tipoclase` INT NOT NULL,
  `fila` INT NULL,
  `columna` INT NULL,
  PRIMARY KEY (`id_silla`),
  INDEX `fk_SILLA_VUELO1_idx` (`id_vuelo` ASC),
  INDEX `fk_SILLA_CLIENTE1_idx` (`id_pasaje` ASC),
  INDEX `fk_SILLA_TIPOCLASE_idx` (`id_tipoclase` ASC),
  CONSTRAINT `fk_SILLA_VUELO1`
    FOREIGN KEY (`id_vuelo`)
    REFERENCES `Aerolinea`.`VUELO` (`id_vuelo`)
    ON DELETE NO ACTION
    ON UPDATE NO ACTION,
  CONSTRAINT `fk_SILLA_PASAJE1`
    FOREIGN KEY (`id_pasaje`)
    REFERENCES `Aerolinea`.`PASAJE` (`id_pasaje`)
    ON DELETE NO ACTION
    ON UPDATE NO ACTION,
  CONSTRAINT `fk_SILLA_TIPOCLASE`
    FOREIGN KEY (`id_tipoclase`)
    REFERENCES `Aerolinea`.`TIPOCLASE` (`id_tipoclase`)
    ON DELETE NO ACTION
    ON UPDATE NO ACTION)
ENGINE = InnoDB;


SET SQL_MODE=@OLD_SQL_MODE;
SET FOREIGN_KEY_CHECKS=@OLD_FOREIGN_KEY_CHECKS;
SET UNIQUE_CHECKS=@OLD_UNIQUE_CHECKS;

-- -----------------------------------------------------
-- Data for table `Aerolinea`.`PAIS`
-- -----------------------------------------------------
START TRANSACTION;
USE `Aerolinea`;
INSERT INTO `Aerolinea`.`PAIS` (`id_pais`, `nombre`) VALUES (1, 'Colombia');
INSERT INTO `Aerolinea`.`PAIS` (`id_pais`, `nombre`) VALUES (2, 'United States');

COMMIT;


-- -----------------------------------------------------
-- Data for table `Aerolinea`.`CIUDAD`
-- -----------------------------------------------------
START TRANSACTION;
USE `Aerolinea`;
INSERT INTO `Aerolinea`.`CIUDAD` (`id_ciudad`, `id_pais`, `nombre`) VALUES (1, 1, 'Bogota');
INSERT INTO `Aerolinea`.`CIUDAD` (`id_ciudad`, `id_pais`, `nombre`) VALUES (2, 1, 'Medellin');
INSERT INTO `Aerolinea`.`CIUDAD` (`id_ciudad`, `id_pais`, `nombre`) VALUES (3, 2, 'New York');

COMMIT;


-- -----------------------------------------------------
-- Data for table `Aerolinea`.`AEROPUERTO`
-- -----------------------------------------------------
START TRANSACTION;
USE `Aerolinea`;
INSERT INTO `Aerolinea`.`AEROPUERTO` (`id_aeropuerto`, `id_ciudad`, `nombre`, `direccion`, `telefono`, `iata`, `oficina`) VALUES (1, 1, 'El Dorado', 'cr 4545454', '1212455165', 'BOG', '101');
INSERT INTO `Aerolinea`.`AEROPUERTO` (`id_aeropuerto`, `id_ciudad`, `nombre`, `direccion`, `telefono`, `iata`, `oficina`) VALUES (2, 2, 'Olaya Herrera', 'cll 5656 8989', '15465898999', 'OLH', '500');
INSERT INTO `Aerolinea`.`AEROPUERTO` (`id_aeropuerto`, `id_ciudad`, `nombre`, `direccion`, `telefono`, `iata`, `oficina`) VALUES (3, 3, 'Jhon F. Kennedy', '458 Street', '98989898989', 'JFK', '520');

COMMIT;


-- -----------------------------------------------------
-- Data for table `Aerolinea`.`TIPODOCUMENTO`
-- -----------------------------------------------------
START TRANSACTION;
USE `Aerolinea`;
INSERT INTO `Aerolinea`.`TIPODOCUMENTO` (`id_tipodocumento`, `id_pais`, `nombre`) VALUES (1, 1, 'Cedula');
INSERT INTO `Aerolinea`.`TIPODOCUMENTO` (`id_tipodocumento`, `id_pais`, `nombre`) VALUES (2, 2, 'DNI');

COMMIT;


-- -----------------------------------------------------
-- Data for table `Aerolinea`.`CLIENTE`
-- -----------------------------------------------------
START TRANSACTION;
USE `Aerolinea`;
INSERT INTO `Aerolinea`.`CLIENTE` (`id_cliente`, `nombre`, `documento`, `tipodocumento`, `correo`) VALUES (1, 'Ente Del Socorro', '1025688556', 1, 'correo@correo.com');
INSERT INTO `Aerolinea`.`CLIENTE` (`id_cliente`, `nombre`, `documento`, `tipodocumento`, `correo`) VALUES (2, 'Tiago', '1665699988', 1, 'correo2@algo.com');
INSERT INTO `Aerolinea`.`CLIENTE` (`id_cliente`, `nombre`, `documento`, `tipodocumento`, `correo`) VALUES (3, 'Mr. McBuildCraft', '9998755510', 2, 'mrmcbc@op.com');

COMMIT;


-- -----------------------------------------------------
-- Data for table `Aerolinea`.`ITINERARIO`
-- -----------------------------------------------------
START TRANSACTION;
USE `Aerolinea`;
INSERT INTO `Aerolinea`.`ITINERARIO` (`id_itinerario`, `preciocompleto`) VALUES (1, 5000000);
INSERT INTO `Aerolinea`.`ITINERARIO` (`id_itinerario`, `preciocompleto`) VALUES (2, 400500);
INSERT INTO `Aerolinea`.`ITINERARIO` (`id_itinerario`, `preciocompleto`) VALUES (3, 605000);
INSERT INTO `Aerolinea`.`ITINERARIO` (`id_itinerario`, `preciocompleto`) VALUES (4, 615000);
INSERT INTO `Aerolinea`.`ITINERARIO` (`id_itinerario`, `preciocompleto`) VALUES (5, 415000);
INSERT INTO `Aerolinea`.`ITINERARIO` (`id_itinerario`, `preciocompleto`) VALUES (6, 515000);
INSERT INTO `Aerolinea`.`ITINERARIO` (`id_itinerario`, `preciocompleto`) VALUES (7, 435000);
INSERT INTO `Aerolinea`.`ITINERARIO` (`id_itinerario`, `preciocompleto`) VALUES (8, 255000);
INSERT INTO `Aerolinea`.`ITINERARIO` (`id_itinerario`, `preciocompleto`) VALUES (9, 345000);
INSERT INTO `Aerolinea`.`ITINERARIO` (`id_itinerario`, `preciocompleto`) VALUES (10, 415000);
COMMIT;


-- -----------------------------------------------------
-- Data for table `Aerolinea`.`AVION`
-- -----------------------------------------------------
START TRANSACTION;
USE `Aerolinea`;
INSERT INTO `Aerolinea`.`AVION` (`id_avion`, `nombre`, `capacidad`, `filas`, `columnas`) VALUES (1, 'HTC-5220', 300, 30, 10);
INSERT INTO `Aerolinea`.`AVION` (`id_avion`, `nombre`, `capacidad`, `filas`, `columnas`) VALUES (2, 'JKH-201', 10, 5, 2);
INSERT INTO `Aerolinea`.`AVION` (`id_avion`, `nombre`, `capacidad`, `filas`, `columnas`) VALUES (3, 'Premium PTC-9875', 200, 20, 10);

COMMIT;


-- -----------------------------------------------------
-- Data for table `Aerolinea`.`VUELO`
-- -----------------------------------------------------
START TRANSACTION;
USE `Aerolinea`;
INSERT INTO `Aerolinea`.`VUELO` (`id_vuelo`, `id_avion`, `id_itinerario`, `precio`, `desde`, `hasta`, `millas`, `salida`, `llegada`) VALUES (1, 1, 1, 3000000, 1, 2, 50, '2016-06-25 15:20:00', '2016-06-26 10:20:00');
INSERT INTO `Aerolinea`.`VUELO` (`id_vuelo`, `id_avion`, `id_itinerario`, `precio`, `desde`, `hasta`, `millas`, `salida`, `llegada`) VALUES (2, 2, 1, 2000000, 2, 3, 180, '2016-06-27 08:00:00', '2016-06-27 23:40:00');
INSERT INTO `Aerolinea`.`VUELO` (`id_vuelo`, `id_avion`, `id_itinerario`, `precio`, `desde`, `hasta`, `millas`, `salida`, `llegada`) VALUES (3, 3, 2, 400000, 3, 1, 200, '2016-07-02 15:20:00', '2016-07-3 10:20:00');
INSERT INTO `Aerolinea`.`VUELO` (`id_vuelo`, `id_avion`, `id_itinerario`, `precio`, `desde`, `hasta`, `millas`, `salida`, `llegada`) VALUES (4, 1, 3, 200000, 2, 1, 50, '2016-07-04 15:20:00', '2016-07-04 19:20:00');
INSERT INTO `Aerolinea`.`VUELO` (`id_vuelo`, `id_avion`, `id_itinerario`, `precio`, `desde`, `hasta`, `millas`, `salida`, `llegada`) VALUES (5, 2, 9, 300000, 3, 2, 20, '2016-09-25 08:20:00', '2016-09-25 13:20:00');
INSERT INTO `Aerolinea`.`VUELO` (`id_vuelo`, `id_avion`, `id_itinerario`, `precio`, `desde`, `hasta`, `millas`, `salida`, `llegada`) VALUES (6, 3, 5, 310000, 3, 1, 32, '2016-09-25 05:40:00', '2016-09-25 12:00:00');
INSERT INTO `Aerolinea`.`VUELO` (`id_vuelo`, `id_avion`, `id_itinerario`, `precio`, `desde`, `hasta`, `millas`, `salida`, `llegada`) VALUES (7, 1, 4, 280000, 2, 1, 28, '2016-12-25 06:40:00', '2016-12-25 07:30:00');
INSERT INTO `Aerolinea`.`VUELO` (`id_vuelo`, `id_avion`, `id_itinerario`, `precio`, `desde`, `hasta`, `millas`, `salida`, `llegada`) VALUES (8, 2, 4, 210000, 1, 3, 40, '2016-12-25 08:00:00', '2016-12-25 12:00:00');
INSERT INTO `Aerolinea`.`VUELO` (`id_vuelo`, `id_avion`, `id_itinerario`, `precio`, `desde`, `hasta`, `millas`, `salida`, `llegada`) VALUES (9, 2, 8, 210000, 1, 3, 40, '2016-18-25 05:40:00', '2016-12-25 07:40:00');
COMMIT;


-- -----------------------------------------------------
-- Data for table `Aerolinea`.`PASAJE`
-- -----------------------------------------------------
START TRANSACTION;
USE `Aerolinea`;
INSERT INTO `Aerolinea`.`PASAJE` (`id_pasaje`, `id_itinerario`, `id_cliente`, `pagado`) VALUES (1, 1, 1, 1);

COMMIT;


-- -----------------------------------------------------
-- Data for table `Aerolinea`.`SOCIO`
-- -----------------------------------------------------
START TRANSACTION;
USE `Aerolinea`;
INSERT INTO `Aerolinea`.`SOCIO` (`id_socio`, `id_cliente`, `usuario`, `contrasena`, `millas`) VALUES (1, 3, 'mc', 'asd456asd', 0);

COMMIT;


-- -----------------------------------------------------
-- Data for table `Aerolinea`.`TIPOCLASE`
-- -----------------------------------------------------
START TRANSACTION;
USE `Aerolinea`;
INSERT INTO `Aerolinea`.`TIPOCLASE` (`id_tipoclase`, `nombre`, `multiplicadorprecio`) VALUES (1, 'Turista', 1);
INSERT INTO `Aerolinea`.`TIPOCLASE` (`id_tipoclase`, `nombre`, `multiplicadorprecio`) VALUES (2, 'Ejecutiva', 1.5);
INSERT INTO `Aerolinea`.`TIPOCLASE` (`id_tipoclase`, `nombre`, `multiplicadorprecio`) VALUES (3, 'Especial', 0.78);

COMMIT;


-- -----------------------------------------------------
-- Data for table `Aerolinea`.`SILLA`
-- -----------------------------------------------------
START TRANSACTION;
USE `Aerolinea`;
INSERT INTO `Aerolinea`.`SILLA` (`id_silla`, `id_vuelo`, `id_pasaje`, `id_tipoclase`, `fila`, `columna`) VALUES (1, 1, NULL, 1, 1, 1),(2, 1, NULL, 1, 2, 1),(3, 1, 1, 1, 3, 1),(4, 1, NULL, 1, 4, 1),(5, 1, NULL, 1, 5, 1),(6, 1, NULL, 1, 6, 1),(7, 1, NULL, 1, 7, 1),(8, 1, NULL, 1, 8, 1),(9, 1, NULL, 1, 9, 1),(10, 1, NULL, 1, 10, 1),(11, 1, NULL, 1, 11, 1),(12, 1, NULL, 1, 12, 1),(13, 1, NULL, 1, 13, 1),(14, 1, NULL, 1, 14, 1),(15, 1, NULL, 1, 15, 1),(16, 1, NULL, 1, 16, 1),(17, 1, NULL, 1, 17, 1),(18, 1, NULL, 1, 18, 1),(19, 1, NULL, 1, 19, 1),(20, 1, NULL, 1, 20, 1),(21, 1, NULL, 1, 21, 1),(22, 1, NULL, 1, 22, 1),(23, 1, NULL, 1, 23, 1),(24, 1, NULL, 1, 24, 1),(25, 1, NULL, 1, 25, 1),(26, 1, NULL, 1, 26, 1),(27, 1, NULL, 1, 27, 1),(28, 1, NULL, 1, 28, 1),(29, 1, NULL, 1, 29, 1),(30, 1, NULL, 1, 30, 1),(31, 1, NULL, 1, 1, 2),(32, 1, NULL, 1, 2, 2),(33, 1, NULL, 1, 3, 2),(34, 1, NULL, 1, 4, 2),(35, 1, NULL, 1, 5, 2),(36, 1, NULL, 1, 6, 2),(37, 1, NULL, 1, 7, 2),(38, 1, NULL, 1, 8, 2),(39, 1, NULL, 1, 9, 2),(40, 1, NULL, 1, 10, 2),(41, 1, NULL, 1, 11, 2),(42, 1, NULL, 1, 12, 2),(43, 1, NULL, 1, 13, 2),(44, 1, NULL, 1, 14, 2),(45, 1, NULL, 1, 15, 2),(46, 1, NULL, 1, 16, 2),(47, 1, NULL, 1, 17, 2),(48, 1, NULL, 1, 18, 2),(49, 1, NULL, 1, 19, 2),(50, 1, NULL, 1, 20, 2),(51, 1, NULL, 1, 21, 2),(52, 1, NULL, 1, 22, 2),(53, 1, NULL, 1, 23, 2),(54, 1, NULL, 1, 24, 2),(55, 1, NULL, 1, 25, 2),(56, 1, NULL, 1, 26, 2),(57, 1, NULL, 1, 27, 2),(58, 1, NULL, 1, 28, 2),(59, 1, NULL, 1, 29, 2),(60, 1, NULL, 1, 30, 2),(61, 1, NULL, 1, 1, 3),(62, 1, NULL, 1, 2, 3),(63, 1, NULL, 1, 3, 3),(64, 1, NULL, 1, 4, 3),(65, 1, NULL, 1, 5, 3),(66, 1, NULL, 1, 6, 3),(67, 1, NULL, 1, 7, 3),(68, 1, NULL, 1, 8, 3),(69, 1, NULL, 1, 9, 3),(70, 1, NULL, 1, 10, 3),(71, 1, NULL, 1, 11, 3),(72, 1, NULL, 1, 12, 3),(73, 1, NULL, 1, 13, 3),(74, 1, NULL, 1, 14, 3),(75, 1, NULL, 1, 15, 3),(76, 1, NULL, 1, 16, 3),(77, 1, NULL, 1, 17, 3),(78, 1, NULL, 1, 18, 3),(79, 1, NULL, 1, 19, 3),(80, 1, NULL, 1, 20, 3),(81, 1, NULL, 1, 21, 3),(82, 1, NULL, 1, 22, 3),(83, 1, NULL, 1, 23, 3),(84, 1, NULL, 1, 24, 3),(85, 1, NULL, 1, 25, 3),(86, 1, NULL, 1, 26, 3),(87, 1, NULL, 1, 27, 3),(88, 1, NULL, 1, 28, 3),(89, 1, NULL, 1, 29, 3),(90, 1, NULL, 1, 30, 3),(91, 1, NULL, 1, 1, 4),(92, 1, NULL, 1, 2, 4),(93, 1, NULL, 1, 3, 4),(94, 1, NULL, 1, 4, 4),(95, 1, NULL, 1, 5, 4),(96, 1, NULL, 1, 6, 4),(97, 1, NULL, 1, 7, 4),(98, 1, NULL, 1, 8, 4),(99, 1, NULL, 1, 9, 4),(100, 1, NULL, 1, 10, 4),(101, 1, NULL, 1, 11, 4),(102, 1, NULL, 1, 12, 4),(103, 1, NULL, 1, 13, 4),(104, 1, NULL, 1, 14, 4),(105, 1, NULL, 1, 15, 4),(106, 1, NULL, 1, 16, 4),(107, 1, NULL, 1, 17, 4),(108, 1, NULL, 1, 18, 4),(109, 1, NULL, 1, 19, 4),(110, 1, NULL, 1, 20, 4),(111, 1, NULL, 1, 21, 4),(112, 1, NULL, 1, 22, 4),(113, 1, NULL, 1, 23, 4),(114, 1, NULL, 1, 24, 4),(115, 1, NULL, 1, 25, 4),(116, 1, NULL, 1, 26, 4),(117, 1, NULL, 1, 27, 4),(118, 1, NULL, 1, 28, 4),(119, 1, NULL, 1, 29, 4),(120, 1, NULL, 1, 30, 4),(121, 1, NULL, 1, 1, 5),(122, 1, NULL, 1, 2, 5),(123, 1, NULL, 1, 3, 5),(124, 1, NULL, 1, 4, 5),(125, 1, NULL, 1, 5, 5),(126, 1, NULL, 1, 6, 5),(127, 1, NULL, 1, 7, 5),(128, 1, NULL, 1, 8, 5),(129, 1, NULL, 1, 9, 5),(130, 1, NULL, 1, 10, 5),(131, 1, NULL, 1, 11, 5),(132, 1, NULL, 1, 12, 5),(133, 1, NULL, 1, 13, 5),(134, 1, NULL, 1, 14, 5),(135, 1, NULL, 1, 15, 5),(136, 1, NULL, 1, 16, 5),(137, 1, NULL, 1, 17, 5),(138, 1, NULL, 1, 18, 5),(139, 1, NULL, 1, 19, 5),(140, 1, NULL, 1, 20, 5),(141, 1, NULL, 1, 21, 5),(142, 1, NULL, 1, 22, 5),(143, 1, NULL, 1, 23, 5),(144, 1, NULL, 1, 24, 5),(145, 1, NULL, 1, 25, 5),(146, 1, NULL, 1, 26, 5),(147, 1, NULL, 1, 27, 5),(148, 1, NULL, 1, 28, 5),(149, 1, NULL, 1, 29, 5),(150, 1, NULL, 1, 30, 5),(151, 1, NULL, 1, 1, 6),(152, 1, NULL, 1, 2, 6),(153, 1, NULL, 1, 3, 6),(154, 1, NULL, 1, 4, 6),(155, 1, NULL, 1, 5, 6),(156, 1, NULL, 1, 6, 6),(157, 1, NULL, 1, 7, 6),(158, 1, NULL, 1, 8, 6),(159, 1, NULL, 1, 9, 6),(160, 1, NULL, 1, 10, 6),(161, 1, NULL, 1, 11, 6),(162, 1, NULL, 1, 12, 6),(163, 1, NULL, 1, 13, 6),(164, 1, NULL, 1, 14, 6),(165, 1, NULL, 1, 15, 6),(166, 1, NULL, 1, 16, 6),(167, 1, NULL, 1, 17, 6),(168, 1, NULL, 1, 18, 6),(169, 1, NULL, 1, 19, 6),(170, 1, NULL, 1, 20, 6),(171, 1, NULL, 1, 21, 6),(172, 1, NULL, 1, 22, 6),(173, 1, NULL, 1, 23, 6),(174, 1, NULL, 1, 24, 6),(175, 1, NULL, 1, 25, 6),(176, 1, NULL, 1, 26, 6),(177, 1, NULL, 1, 27, 6),(178, 1, NULL, 1, 28, 6),(179, 1, NULL, 1, 29, 6),(180, 1, NULL, 1, 30, 6),(181, 1, NULL, 1, 1, 7),(182, 1, NULL, 1, 2, 7),(183, 1, NULL, 1, 3, 7),(184, 1, NULL, 1, 4, 7),(185, 1, NULL, 1, 5, 7),(186, 1, NULL, 1, 6, 7),(187, 1, NULL, 1, 7, 7),(188, 1, NULL, 1, 8, 7),(189, 1, NULL, 1, 9, 7),(190, 1, NULL, 1, 10, 7),(191, 1, NULL, 1, 11, 7),(192, 1, NULL, 1, 12, 7),(193, 1, NULL, 1, 13, 7),(194, 1, NULL, 1, 14, 7),(195, 1, NULL, 1, 15, 7),(196, 1, NULL, 1, 16, 7),(197, 1, NULL, 1, 17, 7),(198, 1, NULL, 1, 18, 7),(199, 1, NULL, 1, 19, 7),(200, 1, NULL, 1, 20, 7),(201, 1, NULL, 1, 21, 7),(202, 1, NULL, 1, 22, 7),(203, 1, NULL, 1, 23, 7),(204, 1, NULL, 1, 24, 7),(205, 1, NULL, 1, 25, 7),(206, 1, NULL, 1, 26, 7),(207, 1, NULL, 1, 27, 7),(208, 1, NULL, 1, 28, 7),(209, 1, NULL, 1, 29, 7),(210, 1, NULL, 1, 30, 7),(211, 1, NULL, 1, 1, 8),(212, 1, NULL, 1, 2, 8),(213, 1, NULL, 1, 3, 8),(214, 1, NULL, 1, 4, 8),(215, 1, NULL, 1, 5, 8),(216, 1, NULL, 1, 6, 8),(217, 1, NULL, 1, 7, 8),(218, 1, NULL, 1, 8, 8),(219, 1, NULL, 1, 9, 8),(220, 1, NULL, 1, 10, 8),(221, 1, NULL, 1, 11, 8),(222, 1, NULL, 1, 12, 8),(223, 1, NULL, 1, 13, 8),(224, 1, NULL, 1, 14, 8),(225, 1, NULL, 1, 15, 8),(226, 1, NULL, 1, 16, 8),(227, 1, NULL, 1, 17, 8),(228, 1, NULL, 1, 18, 8),(229, 1, NULL, 1, 19, 8),(230, 1, NULL, 1, 20, 8),(231, 1, NULL, 1, 21, 8),(232, 1, NULL, 1, 22, 8),(233, 1, NULL, 1, 23, 8),(234, 1, NULL, 1, 24, 8),(235, 1, NULL, 1, 25, 8),(236, 1, NULL, 1, 26, 8),(237, 1, NULL, 1, 27, 8),(238, 1, NULL, 1, 28, 8),(239, 1, NULL, 1, 29, 8),(240, 1, NULL, 1, 30, 8),(241, 1, NULL, 1, 1, 9),(242, 1, NULL, 1, 2, 9),(243, 1, NULL, 1, 3, 9),(244, 1, NULL, 1, 4, 9),(245, 1, NULL, 1, 5, 9),(246, 1, NULL, 1, 6, 9),(247, 1, NULL, 1, 7, 9),(248, 1, NULL, 1, 8, 9),(249, 1, NULL, 1, 9, 9),(250, 1, NULL, 1, 10, 9),(251, 1, NULL, 1, 11, 9),(252, 1, NULL, 1, 12, 9),(253, 1, NULL, 1, 13, 9),(254, 1, NULL, 1, 14, 9),(255, 1, NULL, 1, 15, 9),(256, 1, NULL, 1, 16, 9),(257, 1, NULL, 1, 17, 9),(258, 1, NULL, 1, 18, 9),(259, 1, NULL, 1, 19, 9),(260, 1, NULL, 1, 20, 9),(261, 1, NULL, 1, 21, 9),(262, 1, NULL, 1, 22, 9),(263, 1, NULL, 1, 23, 9),(264, 1, NULL, 1, 24, 9),(265, 1, NULL, 1, 25, 9),(266, 1, NULL, 1, 26, 9),(267, 1, NULL, 1, 27, 9),(268, 1, NULL, 1, 28, 9),(269, 1, NULL, 1, 29, 9),(270, 1, NULL, 1, 30, 9),(271, 1, NULL, 1, 1, 10),(272, 1, NULL, 1, 2, 10),(273, 1, NULL, 1, 3, 10),(274, 1, NULL, 1, 4, 10),(275, 1, NULL, 1, 5, 10),(276, 1, NULL, 1, 6, 10),(277, 1, NULL, 1, 7, 10),(278, 1, NULL, 1, 8, 10),(279, 1, NULL, 1, 9, 10),(280, 1, NULL, 1, 10, 10),(281, 1, NULL, 1, 11, 10),(282, 1, NULL, 1, 12, 10),(283, 1, NULL, 1, 13, 10),(284, 1, NULL, 1, 14, 10),(285, 1, NULL, 1, 15, 10),(286, 1, NULL, 1, 16, 10),(287, 1, NULL, 1, 17, 10),(288, 1, NULL, 1, 18, 10),(289, 1, NULL, 1, 19, 10),(290, 1, NULL, 1, 20, 10),(291, 1, NULL, 1, 21, 10),(292, 1, NULL, 1, 22, 10),(293, 1, NULL, 1, 23, 10),(294, 1, NULL, 1, 24, 10),(295, 1, NULL, 1, 25, 10),(296, 1, NULL, 1, 26, 10),(297, 1, NULL, 1, 27, 10),(298, 1, NULL, 1, 28, 10),(299, 1, NULL, 1, 29, 10),(300, 1, NULL, 1, 30, 10);
INSERT INTO `Aerolinea`.`SILLA` (`id_silla`, `id_vuelo`, `id_pasaje`, `id_tipoclase`, `fila`, `columna`) VALUES (301, 2, NULL, 1, 1, 1),(302, 2, NULL, 1, 2, 1),(303, 2, NULL, 1, 3, 1),(304, 2, NULL, 1, 4, 1),(305, 2, NULL, 1, 5, 1),(306, 2, NULL, 1, 1, 2),(307, 2, NULL, 1, 2, 2),(308, 2, NULL, 1, 3, 2),(309, 2, NULL, 1, 4, 2),(310, 2, NULL, 1, 5, 2);
INSERT INTO `Aerolinea`.`SILLA` (`id_silla`, `id_vuelo`, `id_pasaje`, `id_tipoclase`, `fila`, `columna`) VALUES (311, 3, NULL, 1, 1, 1),(312, 3, NULL, 1, 2, 1),(313, 3, NULL, 1, 3, 1),(314, 3, NULL, 1, 4, 1),(315, 3, NULL, 1, 5, 1),(316, 3, NULL, 1, 6, 1),(317, 3, NULL, 1, 7, 1),(318, 3, NULL, 1, 8, 1),(319, 3, NULL, 1, 9, 1),(320, 3, NULL, 1, 10, 1),(321, 3, NULL, 1, 11, 1),(322, 3, NULL, 1, 12, 1),(323, 3, NULL, 1, 13, 1),(324, 3, NULL, 1, 14, 1),(325, 3, NULL, 1, 15, 1),(326, 3, NULL, 1, 16, 1),(327, 3, NULL, 1, 17, 1),(328, 3, NULL, 1, 18, 1),(329, 3, NULL, 1, 19, 1),(330, 3, NULL, 1, 20, 1),(331, 3, NULL, 1, 1, 2),(332, 3, NULL, 1, 2, 2),(333, 3, NULL, 1, 3, 2),(334, 3, NULL, 1, 4, 2),(335, 3, NULL, 1, 5, 2),(336, 3, NULL, 1, 6, 2),(337, 3, NULL, 1, 7, 2),(338, 3, NULL, 1, 8, 2),(339, 3, NULL, 1, 9, 2),(340, 3, NULL, 1, 10, 2),(341, 3, NULL, 1, 11, 2),(342, 3, NULL, 1, 12, 2),(343, 3, NULL, 1, 13, 2),(344, 3, NULL, 1, 14, 2),(345, 3, NULL, 1, 15, 2),(346, 3, NULL, 1, 16, 2),(347, 3, NULL, 1, 17, 2),(348, 3, NULL, 1, 18, 2),(349, 3, NULL, 1, 19, 2),(350, 3, NULL, 1, 20, 2),(351, 3, NULL, 1, 1, 3),(352, 3, NULL, 1, 2, 3),(353, 3, NULL, 1, 3, 3),(354, 3, NULL, 1, 4, 3),(355, 3, NULL, 1, 5, 3),(356, 3, NULL, 1, 6, 3),(357, 3, NULL, 1, 7, 3),(358, 3, NULL, 1, 8, 3),(359, 3, NULL, 1, 9, 3),(360, 3, NULL, 1, 10, 3),(361, 3, NULL, 1, 11, 3),(362, 3, NULL, 1, 12, 3),(363, 3, NULL, 1, 13, 3),(364, 3, NULL, 1, 14, 3),(365, 3, NULL, 1, 15, 3),(366, 3, NULL, 1, 16, 3),(367, 3, NULL, 1, 17, 3),(368, 3, NULL, 1, 18, 3),(369, 3, NULL, 1, 19, 3),(370, 3, NULL, 1, 20, 3),(371, 3, NULL, 1, 1, 4),(372, 3, NULL, 1, 2, 4),(373, 3, NULL, 1, 3, 4),(374, 3, NULL, 1, 4, 4),(375, 3, NULL, 1, 5, 4),(376, 3, NULL, 1, 6, 4),(377, 3, NULL, 1, 7, 4),(378, 3, NULL, 1, 8, 4),(379, 3, NULL, 1, 9, 4),(380, 3, NULL, 1, 10, 4),(381, 3, NULL, 1, 11, 4),(382, 3, NULL, 1, 12, 4),(383, 3, NULL, 1, 13, 4),(384, 3, NULL, 1, 14, 4),(385, 3, NULL, 1, 15, 4),(386, 3, NULL, 1, 16, 4),(387, 3, NULL, 1, 17, 4),(388, 3, NULL, 1, 18, 4),(389, 3, NULL, 1, 19, 4),(390, 3, NULL, 1, 20, 4),(391, 3, NULL, 1, 1, 5),(392, 3, NULL, 1, 2, 5),(393, 3, NULL, 1, 3, 5),(394, 3, NULL, 1, 4, 5),(395, 3, NULL, 1, 5, 5),(396, 3, NULL, 1, 6, 5),(397, 3, NULL, 1, 7, 5),(398, 3, NULL, 1, 8, 5),(399, 3, NULL, 1, 9, 5),(400, 3, NULL, 1, 10, 5),(401, 3, NULL, 1, 11, 5),(402, 3, NULL, 1, 12, 5),(403, 3, NULL, 1, 13, 5),(404, 3, NULL, 1, 14, 5),(405, 3, NULL, 1, 15, 5),(406, 3, NULL, 1, 16, 5),(407, 3, NULL, 1, 17, 5),(408, 3, NULL, 1, 18, 5),(409, 3, NULL, 1, 19, 5),(410, 3, NULL, 1, 20, 5),(411, 3, NULL, 1, 1, 6),(412, 3, NULL, 1, 2, 6),(413, 3, NULL, 1, 3, 6),(414, 3, NULL, 1, 4, 6),(415, 3, NULL, 1, 5, 6),(416, 3, NULL, 1, 6, 6),(417, 3, NULL, 1, 7, 6),(418, 3, NULL, 1, 8, 6),(419, 3, NULL, 1, 9, 6),(420, 3, NULL, 1, 10, 6),(421, 3, NULL, 1, 11, 6),(422, 3, NULL, 1, 12, 6),(423, 3, NULL, 1, 13, 6),(424, 3, NULL, 1, 14, 6),(425, 3, NULL, 1, 15, 6),(426, 3, NULL, 1, 16, 6),(427, 3, NULL, 1, 17, 6),(428, 3, NULL, 1, 18, 6),(429, 3, NULL, 1, 19, 6),(430, 3, NULL, 1, 20, 6),(431, 3, NULL, 1, 1, 7),(432, 3, NULL, 1, 2, 7),(433, 3, NULL, 1, 3, 7),(434, 3, NULL, 1, 4, 7),(435, 3, NULL, 1, 5, 7),(436, 3, NULL, 1, 6, 7),(437, 3, NULL, 1, 7, 7),(438, 3, NULL, 1, 8, 7),(439, 3, NULL, 1, 9, 7),(440, 3, NULL, 1, 10, 7),(441, 3, NULL, 1, 11, 7),(442, 3, NULL, 1, 12, 7),(443, 3, NULL, 1, 13, 7),(444, 3, NULL, 1, 14, 7),(445, 3, NULL, 1, 15, 7),(446, 3, NULL, 1, 16, 7),(447, 3, NULL, 1, 17, 7),(448, 3, NULL, 1, 18, 7),(449, 3, NULL, 1, 19, 7),(450, 3, NULL, 1, 20, 7),(451, 3, NULL, 1, 1, 8),(452, 3, NULL, 1, 2, 8),(453, 3, NULL, 1, 3, 8),(454, 3, NULL, 1, 4, 8),(455, 3, NULL, 1, 5, 8),(456, 3, NULL, 1, 6, 8),(457, 3, NULL, 1, 7, 8),(458, 3, NULL, 1, 8, 8),(459, 3, NULL, 1, 9, 8),(460, 3, NULL, 1, 10, 8),(461, 3, NULL, 1, 11, 8),(462, 3, NULL, 1, 12, 8),(463, 3, NULL, 1, 13, 8),(464, 3, NULL, 1, 14, 8),(465, 3, NULL, 1, 15, 8),(466, 3, NULL, 1, 16, 8),(467, 3, NULL, 1, 17, 8),(468, 3, NULL, 1, 18, 8),(469, 3, NULL, 1, 19, 8),(470, 3, NULL, 1, 20, 8),(471, 3, NULL, 1, 1, 9),(472, 3, NULL, 1, 2, 9),(473, 3, NULL, 1, 3, 9),(474, 3, NULL, 1, 4, 9),(475, 3, NULL, 1, 5, 9),(476, 3, NULL, 1, 6, 9),(477, 3, NULL, 1, 7, 9),(478, 3, NULL, 1, 8, 9),(479, 3, NULL, 1, 9, 9),(480, 3, NULL, 1, 10, 9),(481, 3, NULL, 1, 11, 9),(482, 3, NULL, 1, 12, 9),(483, 3, NULL, 1, 13, 9),(484, 3, NULL, 1, 14, 9),(485, 3, NULL, 1, 15, 9),(486, 3, NULL, 1, 16, 9),(487, 3, NULL, 1, 17, 9),(488, 3, NULL, 1, 18, 9),(489, 3, NULL, 1, 19, 9),(490, 3, NULL, 1, 20, 9),(491, 3, NULL, 1, 1, 10),(492, 3, NULL, 1, 2, 10),(493, 3, NULL, 1, 3, 10),(494, 3, NULL, 1, 4, 10),(495, 3, NULL, 1, 5, 10),(496, 3, NULL, 1, 6, 10),(497, 3, NULL, 1, 7, 10),(498, 3, NULL, 1, 8, 10),(499, 3, NULL, 1, 9, 10),(500, 3, NULL, 1, 10, 10),(501, 3, NULL, 1, 11, 10),(502, 3, NULL, 1, 12, 10),(503, 3, NULL, 1, 13, 10),(504, 3, NULL, 1, 14, 10),(505, 3, NULL, 1, 15, 10),(506, 3, NULL, 1, 16, 10),(507, 3, NULL, 1, 17, 10),(508, 3, NULL, 1, 18, 10),(509, 3, NULL, 1, 19, 10),(510, 3, NULL, 1, 20, 10);

COMMIT;
